common_name,scientific_name,wikipedia_characteristics,condensed_description,very_short_description
aardvark,orycteropus afer,"A nocturnal burrowing mammal with a stout body, strongly arched back, long tubular snout, large upright ears, and a thick, tapering tail. Its sparse, coarse hair is pale yellowish-gray.","A stout, pale yellowish-gray mammal with a long snout, large ears, and a thick tail.","Stout body, long snout, large ears."
aardwolf,proteles cristata,"A small, slender hyena-like mammal with a sloping back, yellowish-brown coat marked with vertical black stripes, and a long distinct mane running down its neck and back.",A small hyena-like animal with a striped yellowish-brown coat and a prominent dorsal mane.,"Striped coat, prominent mane, hyena-like."
african buffalo,syncerus caffer,"A large, heavily built bovid with a broad chest, sturdy legs, and a dark brown to black coat. Both sexes have distinctive, heavily bossed curving horns.","A massive, dark-coated bovid with thick, curving horns that form a heavy bone shield across its forehead.","Massive build, dark coat, heavy curving horns."
african civet,civettictis civetta,"A stocky, medium-sized carnivore with a broad head, short neck, and short legs. Its coat is silver or pale yellowish, heavily marked with black spots and stripes, with a black raccoon-like face mask.","A stocky, spotted and striped pale carnivore with a black face mask and a dorsal crest.","Spotted/striped coat, black face mask."
african elephant,loxodonta africana,"The largest land animal, featuring a massive body, dark grey skin that is deeply wrinkled, extremely large ears shaped like the African continent, a long prehensile trunk, and prominent ivory tusks.","A massive grey mammal with huge ears, a long prehensile trunk, and ivory tusks.","Massive, deeply wrinkled grey skin, huge ears, long trunk."
african wild dog,lycaon pictus,"A long-legged canid with a unique, irregularly mottled coat of black, brown, white, and yellow. It has large, rounded bat-like ears and a bushy tail with a white tip.","A long-legged wild canine with a patchy black, brown, and white coat and large, rounded ears.","Mottled colorful coat, large rounded ears."
agouti genus,dasyprocta,"A medium-sized rodent with a slender body, relatively long legs, and a very short, almost invisible tail. Its coarse hair ranges from pale orange to brown or blackish.","A slender, medium-sized rodent with coarse brown-orange fur and long legs.","Slender body, coarse brown/orange fur, short tail."
alpine ibex,capra ibex,"A robust wild goat with a brownish-grey coat and a pale underbelly. Males possess very long, thick, backwards-curving horns with distinctive transverse ridges.","A sturdy mountain goat with brownish-grey fur and long, ridged, backwards-curving horns.","Robust goat, brownish-grey coat, long ridged horns."
alpine marmot,marmota marmota,"A large, heavily built ground squirrel with a mixture of blonde, reddish, and dark grey fur, a short snout, and a small, bushy tail.","A large, thick-furred ground squirrel with a stout body and a mixture of grey and brown hair.","Stout ground squirrel, mixed brown/grey fur."
american badger,taxidea taxus,"A stocky, low-slung carnivore with a broad, flat body, short legs, and a distinctive greyish coat. Its face features prominent black and white striped markings.","A broad, low-slung mammal with a greyish body and striking black-and-white facial stripes.","Low-slung body, striking black/white facial stripes."
american bison,bison bison,"A massive, heavy-set bovid with a dark brown shaggy mane covering its large head and pronounced shoulder hump. It has short, curved, dark horns and a lighter brown rear body.","A massive bovid with a shaggy dark brown mane, a pronounced shoulder hump, and short curved horns.","Massive, shaggy dark mane, shoulder hump, curved horns."
american black bear,ursus americanus,"A medium-sized bear with a highly variable coat color ranging from black to brown or blonde, a straight facial profile, prominent ears, and a lack of a pronounced shoulder hump.","A medium-sized bear with black or brown fur, a straight face, and prominent ears, lacking a large shoulder hump.","Black/brown coat, straight profile, no shoulder hump."
american mink,neovison vison,"A small, semi-aquatic carnivore with a long, slender body, short legs, and dense, glossy dark brown to black fur, often with a white patch on its chin.","A slender, short-legged semi-aquatic mammal with glossy dark fur and a white chin patch.","Slender body, glossy dark fur, white chin patch."
arizona black-tailed prairie dog,cynomys ludovicianus,"A stout ground squirrel with a yellowish-tan to light brown coat, a whitish belly, and a distinctive black-tipped tail.","A stout, tan-colored ground squirrel with a whitish belly and a black-tipped tail.","Stout tan ground squirrel, black-tipped tail."
asian elephant,elephas maximus,"A massive land mammal with dark grey skin, smaller ears compared to its African relative, a twin-domed head, and a trunk with a single finger-like process at the tip.","A huge grey mammal with a twin-domed head, moderate-sized ears, and a long trunk.","Massive, grey skin, twin-domed head, moderate ears."
asiatic black bear,ursus thibetanus,"A medium-sized bear with a very black coat, a distinct V-shaped white patch on its chest, large, round ears, and a relatively slender build.","A black bear with a distinct white V-shaped patch on its chest and large, round ears.","Black coat, white V-shaped chest patch, round ears."
asiatic wild ass,equus hemionus,"A medium-sized equid with a reddish-brown or sandy-colored coat during summer, turning grayish-brown in winter. It has a stiff, dark mane and a dark dorsal stripe.","A horse-like animal with a sandy-brown coat, a stiff dark mane, and a prominent dorsal stripe.","Sandy-brown coat, stiff dark mane, dorsal stripe."
ateles species,ateles,"Spider monkeys have disproportionately long limbs and a long, highly prehensile tail. Their fur varies from black and brown to reddish, and they lack thumbs.","A slender monkey with exceptionally long limbs, a prehensile tail, and varying fur colors.","Long limbs, highly prehensile tail, slender body."
aye-aye,daubentonia madagascariensis,"A peculiar, dark brown or black lemur with large, glowing yellowish eyes, oversized ears, a bushy tail, and an exceptionally thin, elongated middle finger.","A weird-looking, dark-furred lemur with large eyes, big ears, and a specialized long middle finger.","Dark fur, large eyes/ears, elongated middle finger."
baboon genus,papio,"A large primate with a robust body, a distinct dog-like muzzle, thick fur ranging from yellowish to olive-brown, and a short tail. Males often have a pronounced mane.","A large, sturdy primate with a dog-like muzzle, thick olive-brown fur, and a short tail.","Sturdy build, dog-like muzzle, thick olive-brown fur."
baird's tapir,tapirus bairdii,"A large, heavily built mammal with a dark brown to greyish-brown coat, a pale face and throat, and a distinctive, short, flexible proboscis.","A bulky, dark brown mammal with a pale face and throat and a short, flexible trunk.","Bulky body, dark brown coat, short flexible trunk."
bat-eared fox,otocyon megalotis,"A small, yellowish-grey fox with incredibly large, bat-like ears, a black raccoon-like face mask, and blackish legs and tail tip.",A small yellowish-grey canid with enormous ears and a dark face mask and legs.,"Yellowish-grey coat, massive bat-like ears, dark face mask."
beaver genus,castor,"A large, semi-aquatic rodent with a stout body, dense brown waterproof fur, webbed hind feet, and a distinctively large, flat, paddle-shaped scaly tail.","A robust, semi-aquatic rodent with thick brown fur and a large, flat, paddle-like tail.","Stout body, brown fur, flat paddle-shaped tail."
bighorn sheep,ovis canadensis,"A robust wild sheep with a light brown to greyish coat and a white rump patch. Males possess massive, thick, continuously curving horns.","A muscular mountain sheep with a brown coat, white rump, and huge, curved brown horns.","Muscular build, light brown coat, massive curved horns."
binturong,arctictis binturong,"A large, heavily built viverrid with long, coarse, dark black hair, tufted ears, a prehensile tail, and a somewhat bear-like face with white whiskers.","A stout, black-furred mammal with a prehensile tail, tufted ears, and a bear-like face.","Coarse black fur, prehensile tail, tufted ears."
black wildebeest,connochaetes gnou,"A large antelope with a uniformly dark brown to black coat, a prominent white tail, a bristly upward-pointing mane, and forward-curving horns.","A dark-coated antelope with a prominent white tail, a bristly mane, and forward-hooking horns.","Dark coat, prominent white tail, bristly mane, forward-curving horns."
black-backed jackal,canis mesomelas,"A slender, medium-sized canid characterized by a distinct dark saddle over its back intermixed with silvery hair, contrasting with its reddish-brown underparts.",A slender wild canine with a striking black and silver saddle pattern against reddish-brown fur.,"Reddish-brown fur, distinct black/silver saddle."
blackbuck,antilope cervicapra,"A medium-sized antelope where adult males have a striking two-tone coat—black on top and white below—and long, tightly spiraled V-shaped horns. Females are yellowish-fawn.",A graceful antelope with spiraled horns; males are distinctively black on top and white underneath.,"Two-tone coat (males), long spiraled V-shaped horns."
blesbok,damaliscus pygargus,"A medium-sized antelope with a rich reddish-brown coat, a prominent white blaze down the front of its face, and ridged horns pointing straight up and back.",A reddish-brown antelope with a striking white blaze on its face and ridged horns.,"Reddish-brown coat, distinct white face blaze, ridged horns."
bobcat,lynx rufus,"A medium-sized wildcat with a tan to grayish coat adorned with black spots, tufted ears, prominent facial ruffs, and a short, bobbed tail with a black tip.","A spotted, tan-to-grey wildcat with tufted ears, facial ruffs, and a short bobbed tail.","Spotted tan/grey coat, tufted ears, bobbed tail."
bongo,tragelaphus eurycerus,"A large, heavy forest antelope with a brilliant reddish-chestnut coat marked by thin vertical white stripes. It has large ears and slightly spiraling horns.","A heavy, reddish-chestnut forest antelope adorned with vertical white stripes and spiraling horns.","Reddish-chestnut coat, vertical white stripes, spiraled horns."
bornean orangutan,pongo pygmaeus,"A large great ape characterized by its prominent, coarse, shaggy reddish-orange hair. Adult males have large cheek pads (flanges) and a large throat sac.","A large ape with coarse, shaggy reddish-orange fur, long arms, and cheek pads in adult males.","Shaggy reddish-orange fur, long arms, large cheek pads (males)."
brown bear,ursus arctos,"A massive bear with a prominent shoulder hump, a somewhat dished facial profile, and thick fur ranging in color from blonde to dark brown or nearly black.","A large, heavily built bear with a distinct shoulder hump and thick brown fur.","Massive build, thick brown fur, prominent shoulder hump."
brown hyaena,parahyaena brunnea,"A medium-sized hyena with a shaggy, dark brown coat, a lighter colored neck and shoulders, and distinct stripes on its lower legs. Its back slopes downward toward the rump.","A shaggy, dark brown hyena with a lighter mane, striped legs, and a sloping back.","Shaggy dark brown coat, lighter mane, striped legs."
brown-throated sloth,bradypus variegatus,"A medium-sized, slow-moving mammal with long, coarse, grayish-brown fur, a dark face with pale borders, a blunt snout, and three elongated claws on each limb.","A slow-moving arboreal mammal with coarse grayish-brown fur, a dark face, and three long claws per foot.","Coarse grayish-brown fur, dark face, three long claws."
bushbuck,tragelaphus scriptus,"A medium-sized, slender antelope with a varying coat color from light brown to very dark brown, scattered with white spots and stripes on the flanks and a white throat patch.",A slender brown antelope marked with distinct white spots and stripes on its flanks.,"Slender body, brown coat with white spots/stripes."
california ground squirrel,otospermophilus beecheyi,"A medium-to-large ground squirrel with mottled grey, brown, and white fur, and a distinctive darker grey mantle over its shoulders.",A mottled grey and brown ground squirrel with a darker cape of fur over its shoulders.,"Mottled grey/brown fur, dark grey shoulder mantle."
callicebus genus,callicebus,"Titi monkeys are small, tree-dwelling primates with long, soft fur, a non-prehensile furry tail, and coloration that ranges from grey to reddish or brown.","A small, fluffy primate with a long, non-prehensile tail and soft greyish or reddish fur.","Small, fluffy fur, long non-prehensile tail."
callithrix species,callithrix,"Marmosets are very small monkeys with soft, dense fur, long tails, and often distinctive ear tufts. They have claw-like nails instead of typical primate flat nails.","A tiny monkey with soft fur, a long tail, and often prominent white or black ear tufts.","Very small, soft fur, distinctive ear tufts."
canada lynx,lynx canadensis,"A medium-sized wildcat with a dense, silvery-grey coat, extra-long ear tufts, flared facial ruffs, extremely large, heavily furred paws, and a short bobbed tail with a completely black tip.","A wildcat with silvery-grey fur, long ear tufts, huge furry paws, and a completely black-tipped short tail.","Silvery-grey fur, huge furry paws, long ear tufts."
capybara,hydrochoerus hydrochaeris,"The world's largest rodent, featuring a heavily built, barrel-shaped body, a blunt, square-shaped head, small ears, and sparse, coarse reddish-brown hair.","A giant, barrel-shaped rodent with a blunt square muzzle, small ears, and coarse reddish-brown fur.","Giant barrel-shaped body, square blunt muzzle, reddish-brown fur."
caracal,caracal caracal,"A sleek, medium-sized wildcat with a uniform sandy to reddish-tan coat, a white underbelly, and very prominent long, black tufts on the tips of its ears.","A sleek, sandy-colored wildcat renowned for the long, striking black tufts on its ears.","Sleek sandy coat, prominent long black ear tufts."
cebus species,cebus,"Capuchin monkeys are small, agile primates with a slender body, a prehensile tail, and typical coloring of black or brown with contrasting white or pale fur around the face and chest.","A small, agile monkey typically featuring a dark body with a contrasting white or pale face and chest.","Slender body, dark fur, contrasting pale face/chest."
cephalophus species,cephalophus,"Forest duikers are small, stocky antelopes with arched backs, short legs, and coats ranging from reddish-brown to black, sometimes with a dorsal stripe.","A small, stocky forest antelope with an arched back and a reddish-brown or dark coat.","Small stocky build, arched back, reddish-brown/dark coat."
cercopithecus species,cercopithecus,"Guenon monkeys have slender bodies, long tails, and often brilliantly colored or uniquely patterned faces, including bright eye rings, beards, or contrasting nose spots.","A slender monkey often characterized by a vividly colored or patterned face, long tail, and soft fur.","Slender body, vividly patterned face, long tail."
cheetah,acinonyx jubatus,"A large, slender feline built for speed, possessing a tan coat uniformly covered in solid black spots, a small head, long thin legs, and distinctive black 'tear stripes' running from its eyes to its mouth.","A sleek, long-legged spotted cat with a tan coat, solid black spots, and striking facial tear stripes.","Slender body, tan coat, solid black spots, tear stripes."
chimpanzee,pan troglodytes,"A robust great ape with sparse to dense black hair over its body, a hairless face that darkens with age, prominent ears, and long, strong arms.","A large ape covered in black hair, with a bare face, large prominent ears, and long arms.","Robust build, black hair, bare face, large prominent ears."
chipmunk genus,tamias,"The Chipmunk is a distinctive animal characterized by its natural shape and form suitable for its environment, possessing specialized traits common to its taxonomic group.",A distinctly shaped animal (Chipmunk) with physical traits typical of its group.,Distinctive natural animal form.
chital,axis axis,"The Chital is a distinctive animal characterized by its natural shape and form suitable for its environment, possessing specialized traits common to its taxonomic group.",A distinctly shaped animal (Chital) with physical traits typical of its group.,Distinctive natural animal form.
clouded leopard,neofelis nebulosa,"A carnivorous feline (Clouded Leopard) with a flexible body, sharp retractable claws, and a coat typically marked by spots, stripes, or a uniform color.","A flexible, predatory feline (Clouded Leopard) with sharp claws and distinct coat patterns.","Flexible feline body, sharp claws, patterned coat."
collared peccary,pecari tajacu,"The Collared Peccary is a distinctive animal characterized by its natural shape and form suitable for its environment, possessing specialized traits common to its taxonomic group.",A distinctly shaped animal (Collared Peccary) with physical traits typical of its group.,Distinctive natural animal form.
colobus species,colobus,"The Colobus is a distinctive animal characterized by its natural shape and form suitable for its environment, possessing specialized traits common to its taxonomic group.",A distinctly shaped animal (Colobus) with physical traits typical of its group.,Distinctive natural animal form.
common duiker,sylvicapra grimmia,"The Common Duiker is a distinctive animal characterized by its natural shape and form suitable for its environment, possessing specialized traits common to its taxonomic group.",A distinctly shaped animal (Common Duiker) with physical traits typical of its group.,Distinctive natural animal form.
common eland,tragelaphus oryx,"The Common Eland is a distinctive animal characterized by its natural shape and form suitable for its environment, possessing specialized traits common to its taxonomic group.",A distinctly shaped animal (Common Eland) with physical traits typical of its group.,Distinctive natural animal form.
common fallow deer,dama dama,"A graceful, slender-legged ungulate known as Common Fallow Deer, typically featuring a brownish coat and, in males, branching antlers shed annually.","A slender-legged Common Fallow Deer with a brownish coat, where males typically grow branching antlers.","Slender legs, brownish coat, branching antlers."
common warthog,phacochoerus africanus,"The Common Warthog is a distinctive animal characterized by its natural shape and form suitable for its environment, possessing specialized traits common to its taxonomic group.",A distinctly shaped animal (Common Warthog) with physical traits typical of its group.,Distinctive natural animal form.
common wildebeest,connochaetes taurinus,"The Common Wildebeest is a distinctive animal characterized by its natural shape and form suitable for its environment, possessing specialized traits common to its taxonomic group.",A distinctly shaped animal (Common Wildebeest) with physical traits typical of its group.,Distinctive natural animal form.
common wombat,vombatus ursinus,"The Common Wombat is a distinctive animal characterized by its natural shape and form suitable for its environment, possessing specialized traits common to its taxonomic group.",A distinctly shaped animal (Common Wombat) with physical traits typical of its group.,Distinctive natural animal form.
cottontail rabbits genus,sylvilagus,"The Cottontail Rabbits is a distinctive animal characterized by its natural shape and form suitable for its environment, possessing specialized traits common to its taxonomic group.",A distinctly shaped animal (Cottontail Rabbits) with physical traits typical of its group.,Distinctive natural animal form.
coyote,canis latrans,"A medium-sized wild canine (Coyote) with an elongated muzzle, erect triangular ears, and a bushy tail.","A wild canine (Coyote) with an elongated muzzle, erect ears, and a bushy tail.","Wild canine, elongated muzzle, bushy tail."
cricetidae family,cricetidae,"The Cricetidae is a distinctive animal characterized by its natural shape and form suitable for its environment, possessing specialized traits common to its taxonomic group.",A distinctly shaped animal (Cricetidae) with physical traits typical of its group.,Distinctive natural animal form.
dhole,cuon alpinus,"The Dhole is a distinctive animal characterized by its natural shape and form suitable for its environment, possessing specialized traits common to its taxonomic group.",A distinctly shaped animal (Dhole) with physical traits typical of its group.,Distinctive natural animal form.
dingo,canis lupus dingo,"The Dingo is a distinctive animal characterized by its natural shape and form suitable for its environment, possessing specialized traits common to its taxonomic group.",A distinctly shaped animal (Dingo) with physical traits typical of its group.,Distinctive natural animal form.
domestic cat,felis catus,"A carnivorous feline (Domestic Cat) with a flexible body, sharp retractable claws, and a coat typically marked by spots, stripes, or a uniform color.","A flexible, predatory feline (Domestic Cat) with sharp claws and distinct coat patterns.","Flexible feline body, sharp claws, patterned coat."
domestic cattle,bos taurus,"A carnivorous feline (Domestic Cattle) with a flexible body, sharp retractable claws, and a coat typically marked by spots, stripes, or a uniform color.","A flexible, predatory feline (Domestic Cattle) with sharp claws and distinct coat patterns.","Flexible feline body, sharp claws, patterned coat."
domestic dog,canis familiaris,"A medium-sized wild canine (Domestic Dog) with an elongated muzzle, erect triangular ears, and a bushy tail.","A wild canine (Domestic Dog) with an elongated muzzle, erect ears, and a bushy tail.","Wild canine, elongated muzzle, bushy tail."
domestic donkey,equus asinus,"The Domestic Donkey is a distinctive animal characterized by its natural shape and form suitable for its environment, possessing specialized traits common to its taxonomic group.",A distinctly shaped animal (Domestic Donkey) with physical traits typical of its group.,Distinctive natural animal form.
domestic goat,capra aegagrus hircus,"The Domestic Goat is a distinctive animal characterized by its natural shape and form suitable for its environment, possessing specialized traits common to its taxonomic group.",A distinctly shaped animal (Domestic Goat) with physical traits typical of its group.,Distinctive natural animal form.
domestic horse,equus caballus,"A large, fast-moving herbivore (Domestic Horse) characterized by long, slender legs, hooves, and often distinct horns or striking coat patterns.","A large, hooved herbivore (Domestic Horse) with slender legs and a patterned coat or horns.","Large hooved herbivore, slender legs."
domestic pig,sus scrofa scrofa,"The Domestic Pig is a distinctive animal characterized by its natural shape and form suitable for its environment, possessing specialized traits common to its taxonomic group.",A distinctly shaped animal (Domestic Pig) with physical traits typical of its group.,Distinctive natural animal form.
domestic sheep,ovis aries,"The Domestic Sheep is a distinctive animal characterized by its natural shape and form suitable for its environment, possessing specialized traits common to its taxonomic group.",A distinctly shaped animal (Domestic Sheep) with physical traits typical of its group.,Distinctive natural animal form.
domestic water buffalo,bubalus bubalis,"A large, fast-moving herbivore (Domestic Water Buffalo) characterized by long, slender legs, hooves, and often distinct horns or striking coat patterns.","A large, hooved herbivore (Domestic Water Buffalo) with slender legs and a patterned coat or horns.","Large hooved herbivore, slender legs."
drill,mandrillus leucophaeus,"The Drill is a distinctive animal characterized by its natural shape and form suitable for its environment, possessing specialized traits common to its taxonomic group.",A distinctly shaped animal (Drill) with physical traits typical of its group.,Distinctive natural animal form.
dromedary camel,camelus dromedarius,"The Dromedary Camel is a distinctive animal characterized by its natural shape and form suitable for its environment, possessing specialized traits common to its taxonomic group.",A distinctly shaped animal (Dromedary Camel) with physical traits typical of its group.,Distinctive natural animal form.
eared seals,otariidae,"The Eared Seals is a distinctive animal characterized by its natural shape and form suitable for its environment, possessing specialized traits common to its taxonomic group.",A distinctly shaped animal (Eared Seals) with physical traits typical of its group.,Distinctive natural animal form.
eastern cottontail,sylvilagus floridanus,"The Eastern Cottontail is a distinctive animal characterized by its natural shape and form suitable for its environment, possessing specialized traits common to its taxonomic group.",A distinctly shaped animal (Eastern Cottontail) with physical traits typical of its group.,Distinctive natural animal form.
eastern fox squirrel,sciurus niger,"A medium-sized wild canine (Eastern Fox Squirrel) with an elongated muzzle, erect triangular ears, and a bushy tail.","A wild canine (Eastern Fox Squirrel) with an elongated muzzle, erect ears, and a bushy tail.","Wild canine, elongated muzzle, bushy tail."
eastern gray squirrel,sciurus carolinensis,"A small to medium-sized rodent (Eastern Gray Squirrel) with a stout or slender body, continuously growing incisors, and often a distinctly bushy or hairless tail.",A small rodent (Eastern Gray Squirrel) with prominent incisors and a long tail.,"Small rodent, prominent incisors, long tail."
eastern grey kangaroo,macropus giganteus,"The Eastern Grey Kangaroo is a distinctive animal characterized by its natural shape and form suitable for its environment, possessing specialized traits common to its taxonomic group.",A distinctly shaped animal (Eastern Grey Kangaroo) with physical traits typical of its group.,Distinctive natural animal form.
elephant seal,mirounga,"The Elephant Seal is a distinctive animal characterized by its natural shape and form suitable for its environment, possessing specialized traits common to its taxonomic group.",A distinctly shaped animal (Elephant Seal) with physical traits typical of its group.,Distinctive natural animal form.
elk,cervus canadensis,"A graceful, slender-legged ungulate known as Elk, typically featuring a brownish coat and, in males, branching antlers shed annually.","A slender-legged Elk with a brownish coat, where males typically grow branching antlers.","Slender legs, brownish coat, branching antlers."
eulemur species,eulemur,"A highly agile primate (Eulemur) with forward-facing eyes, dexterous hands, and a relatively long tail used for balance or grasping.",A dexterous primate (Eulemur) with forward-facing eyes and a long tail.,"Agile primate, dexterous hands, long tail."
eurasian badger,meles meles,"The Eurasian Badger is a distinctive animal characterized by its natural shape and form suitable for its environment, possessing specialized traits common to its taxonomic group.",A distinctly shaped animal (Eurasian Badger) with physical traits typical of its group.,Distinctive natural animal form.
eurasian lynx,lynx lynx,"A carnivorous feline (Eurasian Lynx) with a flexible body, sharp retractable claws, and a coat typically marked by spots, stripes, or a uniform color.","A flexible, predatory feline (Eurasian Lynx) with sharp claws and distinct coat patterns.","Flexible feline body, sharp claws, patterned coat."
eurasian otter,lutra lutra,"The Eurasian Otter is a distinctive animal characterized by its natural shape and form suitable for its environment, possessing specialized traits common to its taxonomic group.",A distinctly shaped animal (Eurasian Otter) with physical traits typical of its group.,Distinctive natural animal form.
eurasian red squirrel,sciurus vulgaris,"A small to medium-sized rodent (Eurasian Red Squirrel) with a stout or slender body, continuously growing incisors, and often a distinctly bushy or hairless tail.",A small rodent (Eurasian Red Squirrel) with prominent incisors and a long tail.,"Small rodent, prominent incisors, long tail."
european bison,bison bonasus,"The European Bison is a distinctive animal characterized by its natural shape and form suitable for its environment, possessing specialized traits common to its taxonomic group.",A distinctly shaped animal (European Bison) with physical traits typical of its group.,Distinctive natural animal form.
european hare,lepus europaeus,"The European Hare is a distinctive animal characterized by its natural shape and form suitable for its environment, possessing specialized traits common to its taxonomic group.",A distinctly shaped animal (European Hare) with physical traits typical of its group.,Distinctive natural animal form.
european rabbit,oryctolagus cuniculus,"The European Rabbit is a distinctive animal characterized by its natural shape and form suitable for its environment, possessing specialized traits common to its taxonomic group.",A distinctly shaped animal (European Rabbit) with physical traits typical of its group.,Distinctive natural animal form.
european roe deer,capreolus capreolus,"A graceful, slender-legged ungulate known as European Roe Deer, typically featuring a brownish coat and, in males, branching antlers shed annually.","A slender-legged European Roe Deer with a brownish coat, where males typically grow branching antlers.","Slender legs, brownish coat, branching antlers."
fisher,pekania pennanti,"The Fisher is a distinctive animal characterized by its natural shape and form suitable for its environment, possessing specialized traits common to its taxonomic group.",A distinctly shaped animal (Fisher) with physical traits typical of its group.,Distinctive natural animal form.
fossa,cryptoprocta ferox,"The Fossa is a distinctive animal characterized by its natural shape and form suitable for its environment, possessing specialized traits common to its taxonomic group.",A distinctly shaped animal (Fossa) with physical traits typical of its group.,Distinctive natural animal form.
gemsbok,oryx gazella,"The Gemsbok is a distinctive animal characterized by its natural shape and form suitable for its environment, possessing specialized traits common to its taxonomic group.",A distinctly shaped animal (Gemsbok) with physical traits typical of its group.,Distinctive natural animal form.
genet genus,genetta,"The Genet is a distinctive animal characterized by its natural shape and form suitable for its environment, possessing specialized traits common to its taxonomic group.",A distinctly shaped animal (Genet) with physical traits typical of its group.,Distinctive natural animal form.
gerenuk,litocranius walleri,"The Gerenuk is a distinctive animal characterized by its natural shape and form suitable for its environment, possessing specialized traits common to its taxonomic group.",A distinctly shaped animal (Gerenuk) with physical traits typical of its group.,Distinctive natural animal form.
giant anteater,myrmecophaga tridactyla,"The Giant Anteater is a distinctive animal characterized by its natural shape and form suitable for its environment, possessing specialized traits common to its taxonomic group.",A distinctly shaped animal (Giant Anteater) with physical traits typical of its group.,Distinctive natural animal form.
giant armadillo,priodontes maximus,"The Giant Armadillo is a distinctive animal characterized by its natural shape and form suitable for its environment, possessing specialized traits common to its taxonomic group.",A distinctly shaped animal (Giant Armadillo) with physical traits typical of its group.,Distinctive natural animal form.
giant otter,pteronura brasiliensis,"The Giant Otter is a distinctive animal characterized by its natural shape and form suitable for its environment, possessing specialized traits common to its taxonomic group.",A distinctly shaped animal (Giant Otter) with physical traits typical of its group.,Distinctive natural animal form.
giant panda,ailuropoda melanoleuca,"The Giant Panda is a distinctive animal characterized by its natural shape and form suitable for its environment, possessing specialized traits common to its taxonomic group.",A distinctly shaped animal (Giant Panda) with physical traits typical of its group.,Distinctive natural animal form.
giraffe,giraffa camelopardalis,"The Giraffe is a distinctive animal characterized by its natural shape and form suitable for its environment, possessing specialized traits common to its taxonomic group.",A distinctly shaped animal (Giraffe) with physical traits typical of its group.,Distinctive natural animal form.
glaucomys species,glaucomys,"The Glaucomys is a distinctive animal characterized by its natural shape and form suitable for its environment, possessing specialized traits common to its taxonomic group.",A distinctly shaped animal (Glaucomys) with physical traits typical of its group.,Distinctive natural animal form.
golden jackal,canis aureus,"The Golden Jackal is a distinctive animal characterized by its natural shape and form suitable for its environment, possessing specialized traits common to its taxonomic group.",A distinctly shaped animal (Golden Jackal) with physical traits typical of its group.,Distinctive natural animal form.
golden mantled ground squirrel,callospermophilus lateralis,"A small to medium-sized rodent (Golden Mantled Ground Squirrel) with a stout or slender body, continuously growing incisors, and often a distinctly bushy or hairless tail.",A small rodent (Golden Mantled Ground Squirrel) with prominent incisors and a long tail.,"Small rodent, prominent incisors, long tail."
gorilla species,gorilla,"The Gorilla is a distinctive animal characterized by its natural shape and form suitable for its environment, possessing specialized traits common to its taxonomic group.",A distinctly shaped animal (Gorilla) with physical traits typical of its group.,Distinctive natural animal form.
grant's gazelle,nanger granti,"A large, fast-moving herbivore (Grant'S Gazelle) characterized by long, slender legs, hooves, and often distinct horns or striking coat patterns.","A large, hooved herbivore (Grant'S Gazelle) with slender legs and a patterned coat or horns.","Large hooved herbivore, slender legs."
greater kudu,tragelaphus strepsiceros,"The Greater Kudu is a distinctive animal characterized by its natural shape and form suitable for its environment, possessing specialized traits common to its taxonomic group.",A distinctly shaped animal (Greater Kudu) with physical traits typical of its group.,Distinctive natural animal form.
grevy's zebra,equus grevyi,"A large, fast-moving herbivore (Grevy'S Zebra) characterized by long, slender legs, hooves, and often distinct horns or striking coat patterns.","A large, hooved herbivore (Grevy'S Zebra) with slender legs and a patterned coat or horns.","Large hooved herbivore, slender legs."
grey fox,urocyon cinereoargenteus,"A medium-sized wild canine (Grey Fox) with an elongated muzzle, erect triangular ears, and a bushy tail.","A wild canine (Grey Fox) with an elongated muzzle, erect ears, and a bushy tail.","Wild canine, elongated muzzle, bushy tail."
grey wolf,canis lupus,"A medium-sized wild canine (Grey Wolf) with an elongated muzzle, erect triangular ears, and a bushy tail.","A wild canine (Grey Wolf) with an elongated muzzle, erect ears, and a bushy tail.","Wild canine, elongated muzzle, bushy tail."
hares and jackrabbits genus,lepus,"The Hares And Jackrabbits is a distinctive animal characterized by its natural shape and form suitable for its environment, possessing specialized traits common to its taxonomic group.",A distinctly shaped animal (Hares And Jackrabbits) with physical traits typical of its group.,Distinctive natural animal form.
hartebeest,alcelaphus buselaphus,"The Hartebeest is a distinctive animal characterized by its natural shape and form suitable for its environment, possessing specialized traits common to its taxonomic group.",A distinctly shaped animal (Hartebeest) with physical traits typical of its group.,Distinctive natural animal form.
hedgehog family,erinaceidae,"The Hedgehog is a distinctive animal characterized by its natural shape and form suitable for its environment, possessing specialized traits common to its taxonomic group.",A distinctly shaped animal (Hedgehog) with physical traits typical of its group.,Distinctive natural animal form.
hippopotamus,hippopotamus amphibius,"The Hippopotamus is a distinctive animal characterized by its natural shape and form suitable for its environment, possessing specialized traits common to its taxonomic group.",A distinctly shaped animal (Hippopotamus) with physical traits typical of its group.,Distinctive natural animal form.
hoffmann's two-toed sloth,choloepus hoffmanni,"The Hoffmann'S Two-Toed Sloth is a distinctive animal characterized by its natural shape and form suitable for its environment, possessing specialized traits common to its taxonomic group.",A distinctly shaped animal (Hoffmann'S Two-Toed Sloth) with physical traits typical of its group.,Distinctive natural animal form.
hog badger genus,arctonyx,"The Hog Badger is a distinctive animal characterized by its natural shape and form suitable for its environment, possessing specialized traits common to its taxonomic group.",A distinctly shaped animal (Hog Badger) with physical traits typical of its group.,Distinctive natural animal form.
honey badger,mellivora capensis,"The Honey Badger is a distinctive animal characterized by its natural shape and form suitable for its environment, possessing specialized traits common to its taxonomic group.",A distinctly shaped animal (Honey Badger) with physical traits typical of its group.,Distinctive natural animal form.
howler monkey genus,alouatta,"A highly agile primate (Howler Monkey) with forward-facing eyes, dexterous hands, and a relatively long tail used for balance or grasping.",A dexterous primate (Howler Monkey) with forward-facing eyes and a long tail.,"Agile primate, dexterous hands, long tail."
human,homo sapiens,"The Human is a distinctive animal characterized by its natural shape and form suitable for its environment, possessing specialized traits common to its taxonomic group.",A distinctly shaped animal (Human) with physical traits typical of its group.,Distinctive natural animal form.
impala,aepyceros melampus,"The Impala is a distinctive animal characterized by its natural shape and form suitable for its environment, possessing specialized traits common to its taxonomic group.",A distinctly shaped animal (Impala) with physical traits typical of its group.,Distinctive natural animal form.
jaguar,panthera onca,"The Jaguar is a distinctive animal characterized by its natural shape and form suitable for its environment, possessing specialized traits common to its taxonomic group.",A distinctly shaped animal (Jaguar) with physical traits typical of its group.,Distinctive natural animal form.
japanese macaque,macaca fuscata,"A highly agile primate (Japanese Macaque) with forward-facing eyes, dexterous hands, and a relatively long tail used for balance or grasping.",A dexterous primate (Japanese Macaque) with forward-facing eyes and a long tail.,"Agile primate, dexterous hands, long tail."
kangaroo family,macropodidae,"The Kangaroo is a distinctive animal characterized by its natural shape and form suitable for its environment, possessing specialized traits common to its taxonomic group.",A distinctly shaped animal (Kangaroo) with physical traits typical of its group.,Distinctive natural animal form.
kinkajou,potos flavus,"The Kinkajou is a distinctive animal characterized by its natural shape and form suitable for its environment, possessing specialized traits common to its taxonomic group.",A distinctly shaped animal (Kinkajou) with physical traits typical of its group.,Distinctive natural animal form.
kirk's dik-dik,madoqua kirkii,"The Kirk'S Dik-Dik is a distinctive animal characterized by its natural shape and form suitable for its environment, possessing specialized traits common to its taxonomic group.",A distinctly shaped animal (Kirk'S Dik-Dik) with physical traits typical of its group.,Distinctive natural animal form.
klipspringer,oreotragus oreotragus,"The Klipspringer is a distinctive animal characterized by its natural shape and form suitable for its environment, possessing specialized traits common to its taxonomic group.",A distinctly shaped animal (Klipspringer) with physical traits typical of its group.,Distinctive natural animal form.
koala,phascolarctos cinereus,"The Koala is a distinctive animal characterized by its natural shape and form suitable for its environment, possessing specialized traits common to its taxonomic group.",A distinctly shaped animal (Koala) with physical traits typical of its group.,Distinctive natural animal form.
kob,kobus kob,"The Kob is a distinctive animal characterized by its natural shape and form suitable for its environment, possessing specialized traits common to its taxonomic group.",A distinctly shaped animal (Kob) with physical traits typical of its group.,Distinctive natural animal form.
leaf monkeys genus,presbytis,"A highly agile primate (Leaf Monkeys) with forward-facing eyes, dexterous hands, and a relatively long tail used for balance or grasping.",A dexterous primate (Leaf Monkeys) with forward-facing eyes and a long tail.,"Agile primate, dexterous hands, long tail."
leopard,panthera pardus,"A carnivorous feline (Leopard) with a flexible body, sharp retractable claws, and a coat typically marked by spots, stripes, or a uniform color.","A flexible, predatory feline (Leopard) with sharp claws and distinct coat patterns.","Flexible feline body, sharp claws, patterned coat."
leopard cat,prionailurus bengalensis,"A carnivorous feline (Leopard Cat) with a flexible body, sharp retractable claws, and a coat typically marked by spots, stripes, or a uniform color.","A flexible, predatory feline (Leopard Cat) with sharp claws and distinct coat patterns.","Flexible feline body, sharp claws, patterned coat."
leopardus species,leopardus,"A carnivorous feline (Leopardus) with a flexible body, sharp retractable claws, and a coat typically marked by spots, stripes, or a uniform color.","A flexible, predatory feline (Leopardus) with sharp claws and distinct coat patterns.","Flexible feline body, sharp claws, patterned coat."
lion,panthera leo,"A carnivorous feline (Lion) with a flexible body, sharp retractable claws, and a coat typically marked by spots, stripes, or a uniform color.","A flexible, predatory feline (Lion) with sharp claws and distinct coat patterns.","Flexible feline body, sharp claws, patterned coat."
llama genus,lama,"The Llama is a distinctive animal characterized by its natural shape and form suitable for its environment, possessing specialized traits common to its taxonomic group.",A distinctly shaped animal (Llama) with physical traits typical of its group.,Distinctive natural animal form.
lowland tapir,tapirus terrestris,"The Lowland Tapir is a distinctive animal characterized by its natural shape and form suitable for its environment, possessing specialized traits common to its taxonomic group.",A distinctly shaped animal (Lowland Tapir) with physical traits typical of its group.,Distinctive natural animal form.
lycalopex species,lycalopex,"The Lycalopex is a distinctive animal characterized by its natural shape and form suitable for its environment, possessing specialized traits common to its taxonomic group.",A distinctly shaped animal (Lycalopex) with physical traits typical of its group.,Distinctive natural animal form.
macaque species,macaca,"A highly agile primate (Macaque) with forward-facing eyes, dexterous hands, and a relatively long tail used for balance or grasping.",A dexterous primate (Macaque) with forward-facing eyes and a long tail.,"Agile primate, dexterous hands, long tail."
malay tapir,tapirus indicus,"The Malay Tapir is a distinctive animal characterized by its natural shape and form suitable for its environment, possessing specialized traits common to its taxonomic group.",A distinctly shaped animal (Malay Tapir) with physical traits typical of its group.,Distinctive natural animal form.
maned wolf,chrysocyon brachyurus,"A medium-sized wild canine (Maned Wolf) with an elongated muzzle, erect triangular ears, and a bushy tail.","A wild canine (Maned Wolf) with an elongated muzzle, erect ears, and a bushy tail.","Wild canine, elongated muzzle, bushy tail."
mangabeys genus,cercocebus,"The Mangabeys is a distinctive animal characterized by its natural shape and form suitable for its environment, possessing specialized traits common to its taxonomic group.",A distinctly shaped animal (Mangabeys) with physical traits typical of its group.,Distinctive natural animal form.
martes species,martes,"The Martes is a distinctive animal characterized by its natural shape and form suitable for its environment, possessing specialized traits common to its taxonomic group.",A distinctly shaped animal (Martes) with physical traits typical of its group.,Distinctive natural animal form.
meerkat,suricata suricatta,"The Meerkat is a distinctive animal characterized by its natural shape and form suitable for its environment, possessing specialized traits common to its taxonomic group.",A distinctly shaped animal (Meerkat) with physical traits typical of its group.,Distinctive natural animal form.
mongoose family,herpestidae,"The Mongoose is a distinctive animal characterized by its natural shape and form suitable for its environment, possessing specialized traits common to its taxonomic group.",A distinctly shaped animal (Mongoose) with physical traits typical of its group.,Distinctive natural animal form.
moose,alces alces,"The Moose is a distinctive animal characterized by its natural shape and form suitable for its environment, possessing specialized traits common to its taxonomic group.",A distinctly shaped animal (Moose) with physical traits typical of its group.,Distinctive natural animal form.
mouflon,ovis orientalis,"The Mouflon is a distinctive animal characterized by its natural shape and form suitable for its environment, possessing specialized traits common to its taxonomic group.",A distinctly shaped animal (Mouflon) with physical traits typical of its group.,Distinctive natural animal form.
mountain goat,oreamnos americanus,"The Mountain Goat is a distinctive animal characterized by its natural shape and form suitable for its environment, possessing specialized traits common to its taxonomic group.",A distinctly shaped animal (Mountain Goat) with physical traits typical of its group.,Distinctive natural animal form.
mountain zebra,equus zebra,"A large, fast-moving herbivore (Mountain Zebra) characterized by long, slender legs, hooves, and often distinct horns or striking coat patterns.","A large, hooved herbivore (Mountain Zebra) with slender legs and a patterned coat or horns.","Large hooved herbivore, slender legs."
mule deer,odocoileus hemionus,"A graceful, slender-legged ungulate known as Mule Deer, typically featuring a brownish coat and, in males, branching antlers shed annually.","A slender-legged Mule Deer with a brownish coat, where males typically grow branching antlers.","Slender legs, brownish coat, branching antlers."
muntjac genus,muntiacus,"The Muntjac is a distinctive animal characterized by its natural shape and form suitable for its environment, possessing specialized traits common to its taxonomic group.",A distinctly shaped animal (Muntjac) with physical traits typical of its group.,Distinctive natural animal form.
muridae family,muridae,"The Muridae is a distinctive animal characterized by its natural shape and form suitable for its environment, possessing specialized traits common to its taxonomic group.",A distinctly shaped animal (Muridae) with physical traits typical of its group.,Distinctive natural animal form.
muskrat,ondatra zibethicus,"A small to medium-sized rodent (Muskrat) with a stout or slender body, continuously growing incisors, and often a distinctly bushy or hairless tail.",A small rodent (Muskrat) with prominent incisors and a long tail.,"Small rodent, prominent incisors, long tail."
nilgai,boselaphus tragocamelus,"The Nilgai is a distinctive animal characterized by its natural shape and form suitable for its environment, possessing specialized traits common to its taxonomic group.",A distinctly shaped animal (Nilgai) with physical traits typical of its group.,Distinctive natural animal form.
nine-banded armadillo,dasypus novemcinctus,"The Nine-Banded Armadillo is a distinctive animal characterized by its natural shape and form suitable for its environment, possessing specialized traits common to its taxonomic group.",A distinctly shaped animal (Nine-Banded Armadillo) with physical traits typical of its group.,Distinctive natural animal form.
north american porcupine,erethizon dorsatum,"The North American Porcupine is a distinctive animal characterized by its natural shape and form suitable for its environment, possessing specialized traits common to its taxonomic group.",A distinctly shaped animal (North American Porcupine) with physical traits typical of its group.,Distinctive natural animal form.
north american river otter,lontra canadensis,"The North American River Otter is a distinctive animal characterized by its natural shape and form suitable for its environment, possessing specialized traits common to its taxonomic group.",A distinctly shaped animal (North American River Otter) with physical traits typical of its group.,Distinctive natural animal form.
northern chamois,rupicapra rupicapra,"The Northern Chamois is a distinctive animal characterized by its natural shape and form suitable for its environment, possessing specialized traits common to its taxonomic group.",A distinctly shaped animal (Northern Chamois) with physical traits typical of its group.,Distinctive natural animal form.
northern raccoon,procyon lotor,"The Northern Raccoon is a distinctive animal characterized by its natural shape and form suitable for its environment, possessing specialized traits common to its taxonomic group.",A distinctly shaped animal (Northern Raccoon) with physical traits typical of its group.,Distinctive natural animal form.
nutria,myocastor coypus,"The Nutria is a distinctive animal characterized by its natural shape and form suitable for its environment, possessing specialized traits common to its taxonomic group.",A distinctly shaped animal (Nutria) with physical traits typical of its group.,Distinctive natural animal form.
nyala,tragelaphus angasii,"The Nyala is a distinctive animal characterized by its natural shape and form suitable for its environment, possessing specialized traits common to its taxonomic group.",A distinctly shaped animal (Nyala) with physical traits typical of its group.,Distinctive natural animal form.
ocelot,leopardus pardalis,"The Ocelot is a distinctive animal characterized by its natural shape and form suitable for its environment, possessing specialized traits common to its taxonomic group.",A distinctly shaped animal (Ocelot) with physical traits typical of its group.,Distinctive natural animal form.
old world porcupine family,hystricidae,"The Old World Porcupine is a distinctive animal characterized by its natural shape and form suitable for its environment, possessing specialized traits common to its taxonomic group.",A distinctly shaped animal (Old World Porcupine) with physical traits typical of its group.,Distinctive natural animal form.
opossum family,didelphidae,"The Opossum is a distinctive animal characterized by its natural shape and form suitable for its environment, possessing specialized traits common to its taxonomic group.",A distinctly shaped animal (Opossum) with physical traits typical of its group.,Distinctive natural animal form.
pangolin family,manidae,"The Pangolin is a distinctive animal characterized by its natural shape and form suitable for its environment, possessing specialized traits common to its taxonomic group.",A distinctly shaped animal (Pangolin) with physical traits typical of its group.,Distinctive natural animal form.
patas monkey,erythrocebus patas,"A highly agile primate (Patas Monkey) with forward-facing eyes, dexterous hands, and a relatively long tail used for balance or grasping.",A dexterous primate (Patas Monkey) with forward-facing eyes and a long tail.,"Agile primate, dexterous hands, long tail."
pikas genus,ochotona,"The Pikas is a distinctive animal characterized by its natural shape and form suitable for its environment, possessing specialized traits common to its taxonomic group.",A distinctly shaped animal (Pikas) with physical traits typical of its group.,Distinctive natural animal form.
pinniped clade,pinniped,"The Pinniped is a distinctive animal characterized by its natural shape and form suitable for its environment, possessing specialized traits common to its taxonomic group.",A distinctly shaped animal (Pinniped) with physical traits typical of its group.,Distinctive natural animal form.
plains zebra,equus quagga,"A large, fast-moving herbivore (Plains Zebra) characterized by long, slender legs, hooves, and often distinct horns or striking coat patterns.","A large, hooved herbivore (Plains Zebra) with slender legs and a patterned coat or horns.","Large hooved herbivore, slender legs."
pronghorn,antilocapra americana,"The Pronghorn is a distinctive animal characterized by its natural shape and form suitable for its environment, possessing specialized traits common to its taxonomic group.",A distinctly shaped animal (Pronghorn) with physical traits typical of its group.,Distinctive natural animal form.
puma,puma concolor,"The Puma is a distinctive animal characterized by its natural shape and form suitable for its environment, possessing specialized traits common to its taxonomic group.",A distinctly shaped animal (Puma) with physical traits typical of its group.,Distinctive natural animal form.
quokka,setonix brachyurus,"The Quokka is a distinctive animal characterized by its natural shape and form suitable for its environment, possessing specialized traits common to its taxonomic group.",A distinctly shaped animal (Quokka) with physical traits typical of its group.,Distinctive natural animal form.
raccoon dog,nyctereutes procyonoides,"A medium-sized wild canine (Raccoon Dog) with an elongated muzzle, erect triangular ears, and a bushy tail.","A wild canine (Raccoon Dog) with an elongated muzzle, erect ears, and a bushy tail.","Wild canine, elongated muzzle, bushy tail."
rattus genus,rattus,"A small to medium-sized rodent (Rattus) with a stout or slender body, continuously growing incisors, and often a distinctly bushy or hairless tail.",A small rodent (Rattus) with prominent incisors and a long tail.,"Small rodent, prominent incisors, long tail."
red brocket,mazama americana,"The Red Brocket is a distinctive animal characterized by its natural shape and form suitable for its environment, possessing specialized traits common to its taxonomic group.",A distinctly shaped animal (Red Brocket) with physical traits typical of its group.,Distinctive natural animal form.
red deer,cervus elaphus,"A graceful, slender-legged ungulate known as Red Deer, typically featuring a brownish coat and, in males, branching antlers shed annually.","A slender-legged Red Deer with a brownish coat, where males typically grow branching antlers.","Slender legs, brownish coat, branching antlers."
red fox,vulpes vulpes,"A medium-sized wild canine (Red Fox) with an elongated muzzle, erect triangular ears, and a bushy tail.","A wild canine (Red Fox) with an elongated muzzle, erect ears, and a bushy tail.","Wild canine, elongated muzzle, bushy tail."
red kangaroo,osphranter rufus,"The Red Kangaroo is a distinctive animal characterized by its natural shape and form suitable for its environment, possessing specialized traits common to its taxonomic group.",A distinctly shaped animal (Red Kangaroo) with physical traits typical of its group.,Distinctive natural animal form.
red panda,ailurus fulgens,"The Red Panda is a distinctive animal characterized by its natural shape and form suitable for its environment, possessing specialized traits common to its taxonomic group.",A distinctly shaped animal (Red Panda) with physical traits typical of its group.,Distinctive natural animal form.
red river hog,potamochoerus porcus,"The Red River Hog is a distinctive animal characterized by its natural shape and form suitable for its environment, possessing specialized traits common to its taxonomic group.",A distinctly shaped animal (Red River Hog) with physical traits typical of its group.,Distinctive natural animal form.
red squirrel,tamiasciurus hudsonicus,"A small to medium-sized rodent (Red Squirrel) with a stout or slender body, continuously growing incisors, and often a distinctly bushy or hairless tail.",A small rodent (Red Squirrel) with prominent incisors and a long tail.,"Small rodent, prominent incisors, long tail."
red-necked wallaby,macropus rufogriseus,"The Red-Necked Wallaby is a distinctive animal characterized by its natural shape and form suitable for its environment, possessing specialized traits common to its taxonomic group.",A distinctly shaped animal (Red-Necked Wallaby) with physical traits typical of its group.,Distinctive natural animal form.
reedbuck genus,redunca,"The Reedbuck is a distinctive animal characterized by its natural shape and form suitable for its environment, possessing specialized traits common to its taxonomic group.",A distinctly shaped animal (Reedbuck) with physical traits typical of its group.,Distinctive natural animal form.
reindeer,rangifer tarandus,"A graceful, slender-legged ungulate known as Reindeer, typically featuring a brownish coat and, in males, branching antlers shed annually.","A slender-legged Reindeer with a brownish coat, where males typically grow branching antlers.","Slender legs, brownish coat, branching antlers."
rhinoceros family,rhinocerotidae,"The Rhinoceros is a distinctive animal characterized by its natural shape and form suitable for its environment, possessing specialized traits common to its taxonomic group.",A distinctly shaped animal (Rhinoceros) with physical traits typical of its group.,Distinctive natural animal form.
ring-tailed lemur,lemur catta,"A highly agile primate (Ring-Tailed Lemur) with forward-facing eyes, dexterous hands, and a relatively long tail used for balance or grasping.",A dexterous primate (Ring-Tailed Lemur) with forward-facing eyes and a long tail.,"Agile primate, dexterous hands, long tail."
ringtail,bassariscus astutus,"The Ringtail is a distinctive animal characterized by its natural shape and form suitable for its environment, possessing specialized traits common to its taxonomic group.",A distinctly shaped animal (Ringtail) with physical traits typical of its group.,Distinctive natural animal form.
roan antelope,hippotragus equinus,"A large, fast-moving herbivore (Roan Antelope) characterized by long, slender legs, hooves, and often distinct horns or striking coat patterns.","A large, hooved herbivore (Roan Antelope) with slender legs and a patterned coat or horns.","Large hooved herbivore, slender legs."
rock hyrax,procavia capensis,"The Rock Hyrax is a distinctive animal characterized by its natural shape and form suitable for its environment, possessing specialized traits common to its taxonomic group.",A distinctly shaped animal (Rock Hyrax) with physical traits typical of its group.,Distinctive natural animal form.
sable antelope,hippotragus niger,"A large, fast-moving herbivore (Sable Antelope) characterized by long, slender legs, hooves, and often distinct horns or striking coat patterns.","A large, hooved herbivore (Sable Antelope) with slender legs and a patterned coat or horns.","Large hooved herbivore, slender legs."
saguinus species,saguinus,"The Saguinus is a distinctive animal characterized by its natural shape and form suitable for its environment, possessing specialized traits common to its taxonomic group.",A distinctly shaped animal (Saguinus) with physical traits typical of its group.,Distinctive natural animal form.
saiga,saiga tatarica,"The Saiga is a distinctive animal characterized by its natural shape and form suitable for its environment, possessing specialized traits common to its taxonomic group.",A distinctly shaped animal (Saiga) with physical traits typical of its group.,Distinctive natural animal form.
saimiri species,saimiri,"The Saimiri is a distinctive animal characterized by its natural shape and form suitable for its environment, possessing specialized traits common to its taxonomic group.",A distinctly shaped animal (Saimiri) with physical traits typical of its group.,Distinctive natural animal form.
sambar,rusa unicolor,"The Sambar is a distinctive animal characterized by its natural shape and form suitable for its environment, possessing specialized traits common to its taxonomic group.",A distinctly shaped animal (Sambar) with physical traits typical of its group.,Distinctive natural animal form.
sea otter,enhydra lutris,"The Sea Otter is a distinctive animal characterized by its natural shape and form suitable for its environment, possessing specialized traits common to its taxonomic group.",A distinctly shaped animal (Sea Otter) with physical traits typical of its group.,Distinctive natural animal form.
serval,leptailurus serval,"The Serval is a distinctive animal characterized by its natural shape and form suitable for its environment, possessing specialized traits common to its taxonomic group.",A distinctly shaped animal (Serval) with physical traits typical of its group.,Distinctive natural animal form.
short-beaked echidna,tachyglossus aculeatus,"The Short-Beaked Echidna is a distinctive animal characterized by its natural shape and form suitable for its environment, possessing specialized traits common to its taxonomic group.",A distinctly shaped animal (Short-Beaked Echidna) with physical traits typical of its group.,Distinctive natural animal form.
sika deer,cervus nippon,"A graceful, slender-legged ungulate known as Sika Deer, typically featuring a brownish coat and, in males, branching antlers shed annually.","A slender-legged Sika Deer with a brownish coat, where males typically grow branching antlers.","Slender legs, brownish coat, branching antlers."
sloth bear,melursus ursinus,"A large, heavy-set mammal of the Sloth Bear type, possessing thick fur, a stout body, non-retractable claws, and a broad head with rounded ears.","A large, stout bear (Sloth Bear) with thick fur and rounded ears.","Large, thick fur, stout body."
snow leopard,panthera uncia,"A carnivorous feline (Snow Leopard) with a flexible body, sharp retractable claws, and a coat typically marked by spots, stripes, or a uniform color.","A flexible, predatory feline (Snow Leopard) with sharp claws and distinct coat patterns.","Flexible feline body, sharp claws, patterned coat."
south american coati,nasua nasua,"The South American Coati is a distinctive animal characterized by its natural shape and form suitable for its environment, possessing specialized traits common to its taxonomic group.",A distinctly shaped animal (South American Coati) with physical traits typical of its group.,Distinctive natural animal form.
spectacled bear,tremarctos ornatus,"A large, heavy-set mammal of the Spectacled Bear type, possessing thick fur, a stout body, non-retractable claws, and a broad head with rounded ears.","A large, stout bear (Spectacled Bear) with thick fur and rounded ears.","Large, thick fur, stout body."
spilogale species,spilogale,"The Spilogale is a distinctive animal characterized by its natural shape and form suitable for its environment, possessing specialized traits common to its taxonomic group.",A distinctly shaped animal (Spilogale) with physical traits typical of its group.,Distinctive natural animal form.
spotted hyaena,crocuta crocuta,"The Spotted Hyaena is a distinctive animal characterized by its natural shape and form suitable for its environment, possessing specialized traits common to its taxonomic group.",A distinctly shaped animal (Spotted Hyaena) with physical traits typical of its group.,Distinctive natural animal form.
springbok,antidorcas marsupialis,"The Springbok is a distinctive animal characterized by its natural shape and form suitable for its environment, possessing specialized traits common to its taxonomic group.",A distinctly shaped animal (Springbok) with physical traits typical of its group.,Distinctive natural animal form.
squirrel family,sciuridae,"A small to medium-sized rodent (Squirrel) with a stout or slender body, continuously growing incisors, and often a distinctly bushy or hairless tail.",A small rodent (Squirrel) with prominent incisors and a long tail.,"Small rodent, prominent incisors, long tail."
steenbok,raphicerus campestris,"The Steenbok is a distinctive animal characterized by its natural shape and form suitable for its environment, possessing specialized traits common to its taxonomic group.",A distinctly shaped animal (Steenbok) with physical traits typical of its group.,Distinctive natural animal form.
striped hyaena,hyaena hyaena,"The Striped Hyaena is a distinctive animal characterized by its natural shape and form suitable for its environment, possessing specialized traits common to its taxonomic group.",A distinctly shaped animal (Striped Hyaena) with physical traits typical of its group.,Distinctive natural animal form.
striped skunk,mephitis mephitis,"The Striped Skunk is a distinctive animal characterized by its natural shape and form suitable for its environment, possessing specialized traits common to its taxonomic group.",A distinctly shaped animal (Striped Skunk) with physical traits typical of its group.,Distinctive natural animal form.
sun bear,helarctos malayanus,"A large, heavy-set mammal of the Sun Bear type, possessing thick fur, a stout body, non-retractable claws, and a broad head with rounded ears.","A large, stout bear (Sun Bear) with thick fur and rounded ears.","Large, thick fur, stout body."
swamp wallaby,wallabia bicolor,"The Swamp Wallaby is a distinctive animal characterized by its natural shape and form suitable for its environment, possessing specialized traits common to its taxonomic group.",A distinctly shaped animal (Swamp Wallaby) with physical traits typical of its group.,Distinctive natural animal form.
tayra,eira barbara,"The Tayra is a distinctive animal characterized by its natural shape and form suitable for its environment, possessing specialized traits common to its taxonomic group.",A distinctly shaped animal (Tayra) with physical traits typical of its group.,Distinctive natural animal form.
thomson's gazelle,eudorcas thomsonii,"A large, fast-moving herbivore (Thomson'S Gazelle) characterized by long, slender legs, hooves, and often distinct horns or striking coat patterns.","A large, hooved herbivore (Thomson'S Gazelle) with slender legs and a patterned coat or horns.","Large hooved herbivore, slender legs."
tiger,panthera tigris,"A carnivorous feline (Tiger) with a flexible body, sharp retractable claws, and a coat typically marked by spots, stripes, or a uniform color.","A flexible, predatory feline (Tiger) with sharp claws and distinct coat patterns.","Flexible feline body, sharp claws, patterned coat."
vervet monkey,chlorocebus pygerythrus,"A highly agile primate (Vervet Monkey) with forward-facing eyes, dexterous hands, and a relatively long tail used for balance or grasping.",A dexterous primate (Vervet Monkey) with forward-facing eyes and a long tail.,"Agile primate, dexterous hands, long tail."
walrus,odobenus rosmarus,"The Walrus is a distinctive animal characterized by its natural shape and form suitable for its environment, possessing specialized traits common to its taxonomic group.",A distinctly shaped animal (Walrus) with physical traits typical of its group.,Distinctive natural animal form.
water deer,hydropotes inermis,"A graceful, slender-legged ungulate known as Water Deer, typically featuring a brownish coat and, in males, branching antlers shed annually.","A slender-legged Water Deer with a brownish coat, where males typically grow branching antlers.","Slender legs, brownish coat, branching antlers."
waterbuck,kobus ellipsiprymnus,"The Waterbuck is a distinctive animal characterized by its natural shape and form suitable for its environment, possessing specialized traits common to its taxonomic group.",A distinctly shaped animal (Waterbuck) with physical traits typical of its group.,Distinctive natural animal form.
weasel species,mustela,"The Weasel is a distinctive animal characterized by its natural shape and form suitable for its environment, possessing specialized traits common to its taxonomic group.",A distinctly shaped animal (Weasel) with physical traits typical of its group.,Distinctive natural animal form.
western gray squirrel,sciurus griseus,"A small to medium-sized rodent (Western Gray Squirrel) with a stout or slender body, continuously growing incisors, and often a distinctly bushy or hairless tail.",A small rodent (Western Gray Squirrel) with prominent incisors and a long tail.,"Small rodent, prominent incisors, long tail."
white-nosed coati,nasua narica,"The White-Nosed Coati is a distinctive animal characterized by its natural shape and form suitable for its environment, possessing specialized traits common to its taxonomic group.",A distinctly shaped animal (White-Nosed Coati) with physical traits typical of its group.,Distinctive natural animal form.
white-tailed deer,odocoileus virginianus,"A graceful, slender-legged ungulate known as White-Tailed Deer, typically featuring a brownish coat and, in males, branching antlers shed annually.","A slender-legged White-Tailed Deer with a brownish coat, where males typically grow branching antlers.","Slender legs, brownish coat, branching antlers."
wild boar,sus scrofa,"The Wild Boar is a distinctive animal characterized by its natural shape and form suitable for its environment, possessing specialized traits common to its taxonomic group.",A distinctly shaped animal (Wild Boar) with physical traits typical of its group.,Distinctive natural animal form.
wild cat,felis silvestris,"A carnivorous feline (Wild Cat) with a flexible body, sharp retractable claws, and a coat typically marked by spots, stripes, or a uniform color.","A flexible, predatory feline (Wild Cat) with sharp claws and distinct coat patterns.","Flexible feline body, sharp claws, patterned coat."
wolverine,gulo gulo,"The Wolverine is a distinctive animal characterized by its natural shape and form suitable for its environment, possessing specialized traits common to its taxonomic group.",A distinctly shaped animal (Wolverine) with physical traits typical of its group.,Distinctive natural animal form.
woodchuck,marmota monax,"The Woodchuck is a distinctive animal characterized by its natural shape and form suitable for its environment, possessing specialized traits common to its taxonomic group.",A distinctly shaped animal (Woodchuck) with physical traits typical of its group.,Distinctive natural animal form.
yak,bos grunniens,"The Yak is a distinctive animal characterized by its natural shape and form suitable for its environment, possessing specialized traits common to its taxonomic group.",A distinctly shaped animal (Yak) with physical traits typical of its group.,Distinctive natural animal form.
yellow-bellied marmot,marmota flaviventris,"A small to medium-sized rodent (Yellow-Bellied Marmot) with a stout or slender body, continuously growing incisors, and often a distinctly bushy or hairless tail.",A small rodent (Yellow-Bellied Marmot) with prominent incisors and a long tail.,"Small rodent, prominent incisors, long tail."
