"animal_0","annotation_id","annotator","bb-label","created_at","file_name","id","ids","image","lead_time","name","prediction","prediction_score","prediction_source","scientific_name","updated_at"
"",36235,"1","[{""x"":47.07999999999999,""y"":47.50900360144056,""width"":5.160000000000004,""height"":4.981992797118849,""rotation"":0,""rectanglelabels"":[""animal-0""],""original_width"":2500,""original_height"":1666}]","2026-03-12T10:48:34.235569Z","acinonyx_jubatus_2397680813.jpg",155238,"5a9b1344-2dd5-4162-9d85-77ee4648ad9c;mammalia;carnivora;felidae;acinonyx;jubatus;cheetah","/data/local-files/?d=sourceStorage/Mammal/SN_batch_0/acinonyx_jubatus_2397680813.jpg",7.605,"cheetah","f1856211-cfb7-4a5b-9158-c0f72fd09ee6;;;;;;blank",0.9998,"classifier","acinonyx jubatus","2026-03-12T10:48:34.235601Z"
"",36236,"1","[{""x"":43.24,""y"":61.52204836415361,""width"":9.04,""height"":9.743954480796596,""rotation"":0,""rectanglelabels"":[""animal-0""],""original_width"":2500,""original_height"":1406}]","2026-03-12T10:50:12.099321Z","ammospermophilus_leucurus_5139967181.jpg",155502,"f7fb32b6-1531-44e9-a7e2-a3197edafdb9;mammalia;rodentia;sciuridae;ammospermophilus;leucurus;white-tailed antelope squirrel","/data/local-files/?d=sourceStorage/Mammal/SN_batch_0/ammospermophilus_leucurus_5139967181.jpg",11.88,"white-tailed antelope squirrel","f1856211-cfb7-4a5b-9158-c0f72fd09ee6;;;;;;blank",0.9923,"classifier","ammospermophilus leucurus","2026-03-12T10:50:12.099358Z"
"",36237,"1","[{""x"":36.56645161290323,""y"":36.72456575682382,""width"":22.006054590570713,""height"":20.843672456575682,""rotation"":0,""rectanglelabels"":[""animal-0""],""original_width"":2500,""original_height"":1667}]","2026-03-12T10:50:22.200757Z","ammospermophilus_leucurus_5840266537.jpg",155504,"f7fb32b6-1531-44e9-a7e2-a3197edafdb9;mammalia;rodentia;sciuridae;ammospermophilus;leucurus;white-tailed antelope squirrel","/data/local-files/?d=sourceStorage/Mammal/SN_batch_0/ammospermophilus_leucurus_5840266537.jpg",6.406,"white-tailed antelope squirrel","f1856211-cfb7-4a5b-9158-c0f72fd09ee6;;;;;;blank",0.993,"classifier","ammospermophilus leucurus","2026-03-12T10:50:22.200793Z"
"",36238,"1","[{""x"":37.04,""y"":47.14666666666667,""width"":9.160000000000004,""height"":11.68,""rotation"":0,""rectanglelabels"":[""animal-0""],""original_width"":2500,""original_height"":1875}]","2026-03-12T10:55:10.600379Z","arctogalidia_trivirgata_5062770198.jpg",155895,"ce0a56c1-1e05-44cc-b671-cfe932e8d5e4;mammalia;carnivora;viverridae;arctogalidia;trivirgata;small-toothed palm civet","/data/local-files/?d=sourceStorage/Mammal/SN_batch_0/arctogalidia_trivirgata_5062770198.jpg",13.471,"small-toothed palm civet","f1856211-cfb7-4a5b-9158-c0f72fd09ee6;;;;;;blank",0.9962,"classifier","arctogalidia trivirgata","2026-03-12T10:55:10.600410Z"
"",36119,"1","[{""x"":40.75601623950429,""y"":26.439790575916227,""width"":6.897177477773159,""height"":21.989530113358395,""rotation"":0,""rectanglelabels"":[""animal-0""],""original_width"":2500,""original_height"":2994}]","2026-03-11T16:20:28.554977Z","neovison_vison_4906529971.jpg",158527,"7c82313a-008c-41c3-84ac-171e5796bd4a;mammalia;carnivora;mustelidae;neovison;vison;american mink","/data/local-files/?d=sourceStorage/Mammal/SN_batch_2/neovison_vison_4906529971.jpg",16.73,"american mink","f1856211-cfb7-4a5b-9158-c0f72fd09ee6;;;;;;blank",0.9656,"classifier","neovison vison","2026-03-11T16:20:28.555005Z"
"",36120,"1","[{""x"":46.45999879992696,""y"":57.52000026842826,""width"":2.5200012000730525,""height"":2.933332528048648,""rotation"":0,""rectanglelabels"":[""animal-0""],""original_width"":2500,""original_height"":1875}]","2026-03-11T16:22:49.716164Z","ochotona_5868376467.jpg",158754,"9878f262-2131-4259-adb2-fcab40e8238c;mammalia;lagomorpha;ochotonidae;ochotona;;pikas genus","/data/local-files/?d=sourceStorage/Mammal/SN_batch_2/ochotona_5868376467.jpg",18.794,"pikas genus","f1856211-cfb7-4a5b-9158-c0f72fd09ee6;;;;;;blank",0.9615,"classifier","ochotona","2026-03-11T16:22:49.716189Z"
"",36195,"1","[{""x"":28.43774011299435,""y"":60.169475963890896,""width"":10.167683615819216,""height"":5.649733075657128,""rotation"":0,""rectanglelabels"":[""animal-0""],""original_width"":2500,""original_height"":1406},{""x"":36.05029282850508,""y"":67.54015036890264,""width"":8.071020464294355,""height"":4.3053184200830295,""rotation"":0,""rectanglelabels"":[""animal-0""],""original_width"":2500,""original_height"":1406},{""x"":45.735517385658326,""y"":66.42395898179069,""width"":5.470358314688376,""height"":6.218780585338223,""rotation"":0,""rectanglelabels"":[""animal-0""],""original_width"":2500,""original_height"":1406},{""x"":40.71354909676406,""y"":59.5673547466742,""width"":7.443274428182562,""height"":5.421501023115368,""rotation"":0,""rectanglelabels"":[""animal-0""],""original_width"":2500,""original_height"":1406},{""x"":40.53419308644641,""y"":59.088987009340485,""width"":12.01685269128268,""height"":7.016060147561063,""rotation"":0,""rectanglelabels"":[""animal-0""],""original_width"":2500,""original_height"":1406}]","2026-03-12T09:59:10.052457Z","hippopotamus_amphibius_5230774260.jpg",158877,"7631afd3-ab8e-4e88-9243-2c21386595eb;mammalia;cetartiodactyla;hippopotamidae;hippopotamus;amphibius;hippopotamus","/data/local-files/?d=sourceStorage/Mammal/SN_batch_1/hippopotamus_amphibius_5230774260.jpg",43.978,"hippopotamus","f1856211-cfb7-4a5b-9158-c0f72fd09ee6;;;;;;blank",0.9909,"classifier","hippopotamus amphibius","2026-03-12T09:59:10.052484Z"
"",36196,"1","[{""x"":70.79523573200993,""y"":42.183631791994316,""width"":18.856674937965266,""height"":3.4739364462190774,""rotation"":0,""rectanglelabels"":[""animal-0""],""original_width"":2500,""original_height"":3333},{""x"":0,""y"":44.29119289956673,""width"":38.044168734491315,""height"":3.599625958994068,""rotation"":0,""rectanglelabels"":[""animal-0""],""original_width"":2500,""original_height"":3333},{""x"":37.356277702347626,""y"":45.73798058934396,""width"":23.710613814788964,""height"":2.2099379617424755,""rotation"":0,""rectanglelabels"":[""animal-0""],""original_width"":2500,""original_height"":3333},{""x"":58.68180018665486,""y"":45.632741647032724,""width"":16.27474084328704,""height"":3.2622893720960278,""rotation"":0,""rectanglelabels"":[""animal-0""],""original_width"":2500,""original_height"":3333},{""x"":71.72965275929016,""y"":46.47461897403948,""width"":23.28971534470388,""height"":2.630878525883901,""rotation"":0,""rectanglelabels"":[""animal-0""],""original_width"":2500,""original_height"":3333},{""x"":60.22509457696654,""y"":45.632756852137106,""width"":6.874675011388496,""height"":2.315173102777827,""rotation"":0,""rectanglelabels"":[""animal-0""],""original_width"":2500,""original_height"":3333}]","2026-03-12T10:00:05.577792Z","hippopotamus_amphibius_5237570472.jpg",158880,"7631afd3-ab8e-4e88-9243-2c21386595eb;mammalia;cetartiodactyla;hippopotamidae;hippopotamus;amphibius;hippopotamus","/data/local-files/?d=sourceStorage/Mammal/SN_batch_1/hippopotamus_amphibius_5237570472.jpg",53.248,"hippopotamus","f1856211-cfb7-4a5b-9158-c0f72fd09ee6;;;;;;blank",0.9789,"classifier","hippopotamus amphibius","2026-03-12T10:00:05.577820Z"
"",36197,"1","[{""x"":34.72,""y"":46.800000000000004,""width"":2.68,""height"":2.8000000000000003,""rotation"":0,""rectanglelabels"":[""animal-0""],""original_width"":2500,""original_height"":1250},{""x"":53.492063492063444,""y"":55.555555555555536,""width"":13.650793650793638,""height"":5.396825396825414,""rotation"":0,""rectanglelabels"":[""animal-0""],""original_width"":2500,""original_height"":1250}]","2026-03-12T10:00:34.193449Z","hippopotamus_amphibius_5828119959.jpg",158890,"7631afd3-ab8e-4e88-9243-2c21386595eb;mammalia;cetartiodactyla;hippopotamidae;hippopotamus;amphibius;hippopotamus","/data/local-files/?d=sourceStorage/Mammal/SN_batch_1/hippopotamus_amphibius_5828119959.jpg",19.347,"hippopotamus","f1856211-cfb7-4a5b-9158-c0f72fd09ee6;;;;;;blank",0.9962,"classifier","hippopotamus amphibius","2026-03-12T10:00:34.193472Z"
"",36198,"1","[{""x"":49.36,""y"":55.732292917166845,""width"":5.039999999999992,""height"":0.9003601440576361,""rotation"":0,""rectanglelabels"":[""animal-0""],""original_width"":2500,""original_height"":1666},{""x"":56.08,""y"":55.3721488595438,""width"":2.559999999999995,""height"":0.7803121248499352,""rotation"":0,""rectanglelabels"":[""animal-0""],""original_width"":2500,""original_height"":1666}]","2026-03-12T10:01:02.227276Z","hippopotamus_amphibius_5889906301.jpg",158895,"7631afd3-ab8e-4e88-9243-2c21386595eb;mammalia;cetartiodactyla;hippopotamidae;hippopotamus;amphibius;hippopotamus","/data/local-files/?d=sourceStorage/Mammal/SN_batch_1/hippopotamus_amphibius_5889906301.jpg",23.321,"hippopotamus","f1856211-cfb7-4a5b-9158-c0f72fd09ee6;;;;;;blank",0.9946,"classifier","hippopotamus amphibius","2026-03-12T10:01:02.227299Z"
"",36199,"1","[{""x"":10.913746898263026,""y"":70.96774193548387,""width"":13.559503722084367,""height"":3.7220843672456567,""rotation"":0,""rectanglelabels"":[""animal-0""],""original_width"":2500,""original_height"":1666},{""x"":79.70342431761786,""y"":67.4937965260546,""width"":8.764069478908183,""height"":2.977667493796517,""rotation"":0,""rectanglelabels"":[""animal-0""],""original_width"":2500,""original_height"":1666},{""x"":70.44327543424316,""y"":66.99751861042184,""width"":10.748387096774195,""height"":3.7220843672456567,""rotation"":0,""rectanglelabels"":[""animal-0""],""original_width"":2500,""original_height"":1666},{""x"":61.34848635235731,""y"":66.25310173697271,""width"":8.764069478908183,""height"":4.962779156327528,""rotation"":0,""rectanglelabels"":[""animal-0""],""original_width"":2500,""original_height"":1666},{""x"":23.597192520000007,""y"":70.4697174369748,""width"":11.408852840000009,""height"":2.764741056422565,""rotation"":0,""rectanglelabels"":[""animal-0""],""original_width"":2500,""original_height"":1666},{""x"":35.00604535999996,""y"":68.66200213085212,""width"":11.125403080000039,""height"":4.040775390156046,""rotation"":0,""rectanglelabels"":[""animal-0""],""original_width"":2500,""original_height"":1666},{""x"":45.564548920000014,""y"":68.66201109329782,""width"":15.093699720000004,""height"":3.5090944177671024,""rotation"":0,""rectanglelabels"":[""animal-0""],""original_width"":2500,""original_height"":1666}]","2026-03-12T10:02:11.004435Z","hippopotamus_amphibius_5938455484.jpg",158907,"7631afd3-ab8e-4e88-9243-2c21386595eb;mammalia;cetartiodactyla;hippopotamidae;hippopotamus;amphibius;hippopotamus","/data/local-files/?d=sourceStorage/Mammal/SN_batch_1/hippopotamus_amphibius_5938455484.jpg",62.523,"hippopotamus","f1856211-cfb7-4a5b-9158-c0f72fd09ee6;;;;;;blank",0.9342,"classifier","hippopotamus amphibius","2026-03-12T10:02:11.004462Z"
"",36127,"1","[{""x"":55.66000000000001,""y"":37.848784878487855,""width"":2.599999999999987,""height"":0.6000600060006036,""rotation"":0,""rectanglelabels"":[""animal-0""],""original_width"":2500,""original_height"":3333}]","2026-03-11T16:28:49.950923Z","ondatra_zibethicus_5133346875.jpg",159077,"a1f9890b-851d-4740-a85a-c4ae4d06503a;mammalia;rodentia;cricetidae;ondatra;zibethicus;muskrat","/data/local-files/?d=sourceStorage/Mammal/SN_batch_2/ondatra_zibethicus_5133346875.jpg",9.776,"muskrat","f1856211-cfb7-4a5b-9158-c0f72fd09ee6;;;;;;blank",0.8994,"classifier","ondatra zibethicus","2026-03-11T16:28:49.950949Z"
"",36128,"1","[{""x"":67.35801047120418,""y"":30.36649214659686,""width"":15.007225130890063,""height"":3.664921465968586,""rotation"":0,""rectanglelabels"":[""animal-0""],""original_width"":2500,""original_height"":3333}]","2026-03-11T16:29:00.093463Z","ondatra_zibethicus_5133712384.jpg",159086,"a1f9890b-851d-4740-a85a-c4ae4d06503a;mammalia;rodentia;cricetidae;ondatra;zibethicus;muskrat","/data/local-files/?d=sourceStorage/Mammal/SN_batch_2/ondatra_zibethicus_5133712384.jpg",5.558,"muskrat","f1856211-cfb7-4a5b-9158-c0f72fd09ee6;;;;;;blank",0.993,"classifier","ondatra zibethicus","2026-03-11T16:29:00.093498Z"
"",36121,"1","[{""x"":78.91518324607327,""y"":43.71728143955162,""width"":16.339267015706792,""height"":5.497378246312276,""rotation"":0,""rectanglelabels"":[""animal-0""],""original_width"":2500,""original_height"":3320}]","2026-03-11T16:23:47.258334Z","ondatra_zibethicus_5134347879.jpg",159100,"a1f9890b-851d-4740-a85a-c4ae4d06503a;mammalia;rodentia;cricetidae;ondatra;zibethicus;muskrat","/data/local-files/?d=sourceStorage/Mammal/SN_batch_2/ondatra_zibethicus_5134347879.jpg",14.911,"muskrat","f1856211-cfb7-4a5b-9158-c0f72fd09ee6;;;;;;blank",0.6567,"classifier","ondatra zibethicus","2026-03-11T16:23:47.258390Z"
"",36122,"1","[{""x"":8.027130889642626,""y"":44.502619118593984,""width"":59.67989005256089,""height"":8.376959398144718,""rotation"":0,""rectanglelabels"":[""animal-0""],""original_width"":2500,""original_height"":3333}]","2026-03-11T16:24:21.301628Z","ondatra_zibethicus_5141070540.jpg",159115,"a1f9890b-851d-4740-a85a-c4ae4d06503a;mammalia;rodentia;cricetidae;ondatra;zibethicus;muskrat","/data/local-files/?d=sourceStorage/Mammal/SN_batch_2/ondatra_zibethicus_5141070540.jpg",19.918,"muskrat","f1856211-cfb7-4a5b-9158-c0f72fd09ee6;;;;;;blank",0.9981,"classifier","ondatra zibethicus","2026-03-11T16:24:21.301690Z"
"",36123,"1","[{""x"":57.700002200134094,""y"":47.899791791069596,""width"":10.000000000000018,""height"":2.52025021313095,""rotation"":0,""rectanglelabels"":[""animal-0""],""original_width"":2500,""original_height"":3333}]","2026-03-11T16:24:41.280286Z","ondatra_zibethicus_5153580900.jpg",159119,"a1f9890b-851d-4740-a85a-c4ae4d06503a;mammalia;rodentia;cricetidae;ondatra;zibethicus;muskrat","/data/local-files/?d=sourceStorage/Mammal/SN_batch_2/ondatra_zibethicus_5153580900.jpg",17.654,"muskrat","f1856211-cfb7-4a5b-9158-c0f72fd09ee6;;;;;;blank",0.9316,"classifier","ondatra zibethicus","2026-03-11T16:24:41.280311Z"
"",36124,"1","[{""x"":46.22,""y"":56.75067506750676,""width"":3.3200000000000074,""height"":0.9900990099009874,""rotation"":0,""rectanglelabels"":[""animal-0""],""original_width"":2500,""original_height"":3333}]","2026-03-11T16:24:53.185010Z","ondatra_zibethicus_5154244103.jpg",159123,"a1f9890b-851d-4740-a85a-c4ae4d06503a;mammalia;rodentia;cricetidae;ondatra;zibethicus;muskrat","/data/local-files/?d=sourceStorage/Mammal/SN_batch_2/ondatra_zibethicus_5154244103.jpg",9.032,"muskrat","f1856211-cfb7-4a5b-9158-c0f72fd09ee6;;;;;;blank",0.9935,"classifier","ondatra zibethicus","2026-03-11T16:24:53.185036Z"
"",36125,"1","[{""x"":54.099999999999994,""y"":43.033033033033036,""width"":2.6400000000000077,""height"":1.9219219219219212,""rotation"":0,""rectanglelabels"":[""animal-0""],""original_width"":2500,""original_height"":1665}]","2026-03-11T16:25:08.565202Z","ondatra_zibethicus_5198632499.jpg",159126,"a1f9890b-851d-4740-a85a-c4ae4d06503a;mammalia;rodentia;cricetidae;ondatra;zibethicus;muskrat","/data/local-files/?d=sourceStorage/Mammal/SN_batch_2/ondatra_zibethicus_5198632499.jpg",10.699,"muskrat","f1856211-cfb7-4a5b-9158-c0f72fd09ee6;;;;;;blank",0.9912,"classifier","ondatra zibethicus","2026-03-11T16:25:08.565234Z"
"",36126,"1","[{""x"":49.37999519970806,""y"":45.01949953409975,""width"":9.480004000243248,""height"":4.620465519341729,""rotation"":0,""rectanglelabels"":[""animal-0""],""original_width"":2500,""original_height"":3333}]","2026-03-11T16:25:38.181246Z","ondatra_zibethicus_5828195827.jpg",159135,"a1f9890b-851d-4740-a85a-c4ae4d06503a;mammalia;rodentia;cricetidae;ondatra;zibethicus;muskrat","/data/local-files/?d=sourceStorage/Mammal/SN_batch_2/ondatra_zibethicus_5828195827.jpg",13.351,"muskrat","f1856211-cfb7-4a5b-9158-c0f72fd09ee6;;;;;;blank",0.9936,"classifier","ondatra zibethicus","2026-03-11T16:25:38.181279Z"
"",36130,"1","[{""x"":41.819371727748695,""y"":60.20942408376963,""width"":10.602094240837694,""height"":8.1151832460733,""rotation"":0,""rectanglelabels"":[""animal-0""],""original_width"":2500,""original_height"":1875}]","2026-03-11T16:29:36.482138Z","ondatra_zibethicus_6130453760.jpg",159142,"a1f9890b-851d-4740-a85a-c4ae4d06503a;mammalia;rodentia;cricetidae;ondatra;zibethicus;muskrat","/data/local-files/?d=sourceStorage/Mammal/SN_batch_2/ondatra_zibethicus_6130453760.jpg",5.605,"muskrat","f1856211-cfb7-4a5b-9158-c0f72fd09ee6;;;;;;blank",0.8938,"classifier","ondatra zibethicus","2026-03-11T16:29:36.482164Z"
"",36131,"1","[{""x"":33.48146596858639,""y"":46.596858638743456,""width"":34.64942408376963,""height"":8.1151832460733,""rotation"":0,""rectanglelabels"":[""animal-0""],""original_width"":2500,""original_height"":1859}]","2026-03-11T16:29:52.676287Z","ondatra_zibethicus_6147438540.jpg",159151,"a1f9890b-851d-4740-a85a-c4ae4d06503a;mammalia;rodentia;cricetidae;ondatra;zibethicus;muskrat","/data/local-files/?d=sourceStorage/Mammal/SN_batch_2/ondatra_zibethicus_6147438540.jpg",7.998,"muskrat","f1856211-cfb7-4a5b-9158-c0f72fd09ee6;;;;;;blank",0.608,"classifier","ondatra zibethicus","2026-03-11T16:29:52.676315Z"
"",36132,"1","[{""x"":34.980314136125656,""y"":42.93193717277487,""width"":9.745759162303663,""height"":22.513089005235592,""rotation"":0,""rectanglelabels"":[""animal-0""],""original_width"":2500,""original_height"":1662}]","2026-03-11T16:30:08.225924Z","oreamnos_americanus_3760166178.jpg",159154,"af80ecfc-4048-4ae6-b0d5-66913090d777;mammalia;cetartiodactyla;bovidae;oreamnos;americanus;mountain goat","/data/local-files/?d=sourceStorage/Mammal/SN_batch_2/oreamnos_americanus_3760166178.jpg",8.838,"mountain goat","f1856211-cfb7-4a5b-9158-c0f72fd09ee6;;;;;;blank",0.9979,"classifier","oreamnos americanus","2026-03-11T16:30:08.225953Z"
"",36133,"1","[{""x"":45.38,""y"":46.58666666666667,""width"":3.480000000000004,""height"":2.826666666666661,""rotation"":0,""rectanglelabels"":[""animal-0""],""original_width"":2500,""original_height"":1875},{""x"":52.019999999999996,""y"":54.05333333333334,""width"":2.8400000000000105,""height"":2.613333333333337,""rotation"":0,""rectanglelabels"":[""animal-0""],""original_width"":2500,""original_height"":1875}]","2026-03-11T16:30:24.274395Z","oreamnos_americanus_3859295083.jpg",159158,"af80ecfc-4048-4ae6-b0d5-66913090d777;mammalia;cetartiodactyla;bovidae;oreamnos;americanus;mountain goat","/data/local-files/?d=sourceStorage/Mammal/SN_batch_2/oreamnos_americanus_3859295083.jpg",13.259,"mountain goat","f1856211-cfb7-4a5b-9158-c0f72fd09ee6;;;;;;blank",0.9828,"classifier","oreamnos americanus","2026-03-11T16:30:24.274435Z"
"",36134,"1","[{""x"":32.608376963350786,""y"":30.36649214659686,""width"":35.35434554973822,""height"":44.76439790575917,""rotation"":0,""rectanglelabels"":[""animal-0""],""original_width"":2500,""original_height"":1639}]","2026-03-11T16:30:33.073618Z","oreamnos_americanus_3881431717.jpg",159161,"af80ecfc-4048-4ae6-b0d5-66913090d777;mammalia;cetartiodactyla;bovidae;oreamnos;americanus;mountain goat","/data/local-files/?d=sourceStorage/Mammal/SN_batch_2/oreamnos_americanus_3881431717.jpg",4.317,"mountain goat","f1856211-cfb7-4a5b-9158-c0f72fd09ee6;;;;;;blank",0.982,"classifier","oreamnos americanus","2026-03-11T16:30:33.073694Z"
"",36239,"1","[{""x"":49.2,""y"":66.82666666666668,""width"":5.320000000000007,""height"":2.719999999999999,""rotation"":0,""rectanglelabels"":[""animal-0""],""original_width"":2500,""original_height"":1875}]","2026-03-12T12:37:38.239759Z","cynomys_ludovicianus_5153668535.jpg",160871,"fdc27cfb-3756-4794-992d-1d512f7c5474;mammalia;rodentia;sciuridae;cynomys;ludovicianus;arizona black-tailed prairie dog","/data/local-files/?d=sourceStorage/Mammal/SN_batch_0/cynomys_ludovicianus_5153668535.jpg",10.922,"arizona black-tailed prairie dog","f1856211-cfb7-4a5b-9158-c0f72fd09ee6;;;;;;blank",0.9984,"classifier","cynomys ludovicianus","2026-03-12T12:37:38.239790Z"
"",36240,"1","[{""x"":30.92,""y"":51.413333333333334,""width"":3.9199999999999946,""height"":2.13333333333334,""rotation"":0,""rectanglelabels"":[""animal-0""],""original_width"":2500,""original_height"":1875}]","2026-03-12T12:37:50.946877Z","cynomys_ludovicianus_5153893532.jpg",160872,"fdc27cfb-3756-4794-992d-1d512f7c5474;mammalia;rodentia;sciuridae;cynomys;ludovicianus;arizona black-tailed prairie dog","/data/local-files/?d=sourceStorage/Mammal/SN_batch_0/cynomys_ludovicianus_5153893532.jpg",10.526,"arizona black-tailed prairie dog","f1856211-cfb7-4a5b-9158-c0f72fd09ee6;;;;;;blank",0.9999,"classifier","cynomys ludovicianus","2026-03-12T12:37:50.946901Z"
"",36241,"1","[{""x"":45.76,""y"":45.25602409638553,""width"":5.759999999999991,""height"":3.3433734939759105,""rotation"":0,""rectanglelabels"":[""animal-0""],""original_width"":2500,""original_height"":3320}]","2026-03-12T12:38:07.664264Z","cynomys_ludovicianus_5231861386.jpg",160874,"fdc27cfb-3756-4794-992d-1d512f7c5474;mammalia;rodentia;sciuridae;cynomys;ludovicianus;arizona black-tailed prairie dog","/data/local-files/?d=sourceStorage/Mammal/SN_batch_0/cynomys_ludovicianus_5231861386.jpg",7.264,"arizona black-tailed prairie dog","f1856211-cfb7-4a5b-9158-c0f72fd09ee6;;;;;;blank",0.9986,"classifier","cynomys ludovicianus","2026-03-12T12:38:07.664293Z"
"",36242,"1","[{""x"":36.32,""y"":61.80618061806181,""width"":7.719999999999999,""height"":3.7503750375037512,""rotation"":0,""rectanglelabels"":[""animal-0""],""original_width"":2500,""original_height"":3333}]","2026-03-12T12:41:05.894605Z","enhydra_lutris_5087267556.jpg",161344,"7f5c2e63-1b48-4a9d-a6e1-8c3d5f7b8066;mammalia;carnivora;mustelidae;enhydra;lutris;sea otter","/data/local-files/?d=sourceStorage/Mammal/SN_batch_0/enhydra_lutris_5087267556.jpg",11.437,"sea otter","f1856211-cfb7-4a5b-9158-c0f72fd09ee6;;;;;;blank",0.5155,"classifier","enhydra lutris","2026-03-12T12:41:05.894639Z"
"",36243,"1","[{""x"":52.959999999999994,""y"":62.99519807923167,""width"":7.760000000000005,""height"":2.4009603841536773,""rotation"":0,""rectanglelabels"":[""animal-0""],""original_width"":2500,""original_height"":1666}]","2026-03-12T12:41:41.371161Z","enhydra_lutris_5828541152.jpg",161354,"7f5c2e63-1b48-4a9d-a6e1-8c3d5f7b8066;mammalia;carnivora;mustelidae;enhydra;lutris;sea otter","/data/local-files/?d=sourceStorage/Mammal/SN_batch_0/enhydra_lutris_5828541152.jpg",9.461,"sea otter","f1856211-cfb7-4a5b-9158-c0f72fd09ee6;;;;;;blank",0.8447,"classifier","enhydra lutris","2026-03-12T12:41:41.371187Z"
"",36244,"1","[{""x"":43.362282878411904,""y"":49.37965260545906,""width"":9.49131513647643,""height"":22.8287841191067,""rotation"":0,""rectanglelabels"":[""animal-0""],""original_width"":2500,""original_height"":1875}]","2026-03-12T12:45:10.879325Z","funambulus_palmarum_3335261621.jpg",161922,"633135f2-7b64-4a59-97aa-6e1a3c39bd7e;mammalia;rodentia;sciuridae;funambulus;palmarum;common palm squirrel","/data/local-files/?d=sourceStorage/Mammal/SN_batch_0/funambulus_palmarum_3335261621.jpg",10.111,"common palm squirrel","f1856211-cfb7-4a5b-9158-c0f72fd09ee6;;;;;;blank",0.924,"classifier","funambulus palmarum","2026-03-12T12:45:10.879355Z"
"",36245,"1","[{""x"":49.16,""y"":52.82,""width"":3.16,""height"":11.110000000000001,""rotation"":0,""rectanglelabels"":[""animal-0""],""original_width"":2500,""original_height"":3249}]","2026-03-12T12:45:23.228567Z","funambulus_palmarum_3398739800.jpg",161923,"633135f2-7b64-4a59-97aa-6e1a3c39bd7e;mammalia;rodentia;sciuridae;funambulus;palmarum;common palm squirrel","/data/local-files/?d=sourceStorage/Mammal/SN_batch_0/funambulus_palmarum_3398739800.jpg",3.558,"common palm squirrel","f1856211-cfb7-4a5b-9158-c0f72fd09ee6;;;;;;blank",0.9901,"classifier","funambulus palmarum","2026-03-12T12:45:23.228605Z"
"",36246,"1","[{""x"":43.919999999999995,""y"":38.56761565836298,""width"":4.960000000000001,""height"":5.516014234875442,""rotation"":0,""rectanglelabels"":[""animal-0""],""original_width"":2500,""original_height"":1124},{""x"":42.84,""y"":43.46085409252668,""width"":2.759999999999984,""height"":3.113879003558715,""rotation"":0,""rectanglelabels"":[""animal-0""],""original_width"":2500,""original_height"":1124}]","2026-03-12T13:58:19.022515Z","funambulus_palmarum_4901003679.jpg",161929,"633135f2-7b64-4a59-97aa-6e1a3c39bd7e;mammalia;rodentia;sciuridae;funambulus;palmarum;common palm squirrel","/data/local-files/?d=sourceStorage/Mammal/SN_batch_0/funambulus_palmarum_4901003679.jpg",22.482,"common palm squirrel","f1856211-cfb7-4a5b-9158-c0f72fd09ee6;;;;;;blank",0.995,"classifier","funambulus palmarum","2026-03-12T13:58:19.022538Z"
"",36247,"1","[{""x"":39.279999999999994,""y"":32.574679943100996,""width"":6.319999999999993,""height"":8.250355618776666,""rotation"":0,""rectanglelabels"":[""animal-0""],""original_width"":2500,""original_height"":1406},{""x"":48.32,""y"":37.55334281650071,""width"":3.4799999999999898,""height"":8.321479374110957,""rotation"":0,""rectanglelabels"":[""animal-0""],""original_width"":2500,""original_height"":1406}]","2026-03-12T13:59:39.577899Z","funambulus_palmarum_6133465630.jpg",161933,"633135f2-7b64-4a59-97aa-6e1a3c39bd7e;mammalia;rodentia;sciuridae;funambulus;palmarum;common palm squirrel","/data/local-files/?d=sourceStorage/Mammal/SN_batch_0/funambulus_palmarum_6133465630.jpg",17.458,"common palm squirrel","f1856211-cfb7-4a5b-9158-c0f72fd09ee6;;;;;;blank",0.9921,"classifier","funambulus palmarum","2026-03-12T13:59:39.577937Z"
"",36200,"1","[{""x"":22.12,""y"":41.04,""width"":10.280000000000001,""height"":4.84,""rotation"":0,""rectanglelabels"":[""animal-0""],""original_width"":2500,""original_height"":1406}]","2026-03-12T10:07:58.958955Z","lontra_canadensis_5006717283.jpg",163782,"a70c87e9-62bc-41c2-9e36-96fed9136046;mammalia;carnivora;mustelidae;lontra;canadensis;north american river otter","/data/local-files/?d=sourceStorage/Mammal/SN_batch_1/lontra_canadensis_5006717283.jpg",2.966,"north american river otter","f1856211-cfb7-4a5b-9158-c0f72fd09ee6;;;;;;blank",0.9937,"classifier","lontra canadensis","2026-03-12T10:07:58.958983Z"
"",36201,"1","[{""x"":45,""y"":40.02400240024003,""width"":2.440000000000005,""height"":2.7602760276027496,""rotation"":0,""rectanglelabels"":[""animal-0""],""original_width"":2500,""original_height"":3333}]","2026-03-12T10:08:36.038422Z","lontra_canadensis_5087660098.jpg",163797,"a70c87e9-62bc-41c2-9e36-96fed9136046;mammalia;carnivora;mustelidae;lontra;canadensis;north american river otter","/data/local-files/?d=sourceStorage/Mammal/SN_batch_1/lontra_canadensis_5087660098.jpg",61.146,"north american river otter","f1856211-cfb7-4a5b-9158-c0f72fd09ee6;;;;;;blank",0.9857,"classifier","lontra canadensis","2026-03-12T10:09:27.199267Z"
"",36202,"1","[{""x"":42.72000000000003,""y"":37.97333333333333,""width"":10.639999999999969,""height"":6.773333333333348,""rotation"":0,""rectanglelabels"":[""animal-0""],""original_width"":2500,""original_height"":1875}]","2026-03-12T10:09:48.785769Z","lontra_canadensis_5087809962.jpg",163800,"a70c87e9-62bc-41c2-9e36-96fed9136046;mammalia;carnivora;mustelidae;lontra;canadensis;north american river otter","/data/local-files/?d=sourceStorage/Mammal/SN_batch_1/lontra_canadensis_5087809962.jpg",142.653,"north american river otter","f1856211-cfb7-4a5b-9158-c0f72fd09ee6;;;;;;blank",0.9283,"classifier","lontra canadensis","2026-03-12T10:11:58.060611Z"
"",36203,"1","[{""x"":40.26667108,""y"":38.198122907290724,""width"":18.636821720000007,""height"":11.427711221122124,""rotation"":0,""rectanglelabels"":[""animal-0""],""original_width"":2500,""original_height"":3333}]","2026-03-12T10:12:26.535477Z","lontra_canadensis_5104556391.jpg",163803,"a70c87e9-62bc-41c2-9e36-96fed9136046;mammalia;carnivora;mustelidae;lontra;canadensis;north american river otter","/data/local-files/?d=sourceStorage/Mammal/SN_batch_1/lontra_canadensis_5104556391.jpg",13.356,"north american river otter","f1856211-cfb7-4a5b-9158-c0f72fd09ee6;;;;;;blank",0.9919,"classifier","lontra canadensis","2026-03-12T10:12:26.535507Z"
"",36204,"1","[{""x"":42.595632754342425,""y"":47.08072809661558,""width"":21.914044665012263,""height"":4.780314087007116,""rotation"":0,""rectanglelabels"":[""animal-0""],""original_width"":2500,""original_height"":3333}]","2026-03-12T10:14:21.071658Z","lontra_canadensis_5133834776.jpg",163809,"a70c87e9-62bc-41c2-9e36-96fed9136046;mammalia;carnivora;mustelidae;lontra;canadensis;north american river otter","/data/local-files/?d=sourceStorage/Mammal/SN_batch_1/lontra_canadensis_5133834776.jpg",17.067,"north american river otter","f1856211-cfb7-4a5b-9158-c0f72fd09ee6;;;;;;blank",0.9551,"classifier","lontra canadensis","2026-03-12T10:14:21.071692Z"
"",36205,"1","[{""x"":51.519999999999975,""y"":43.47434743474343,""width"":8.32000000000001,""height"":9.240924092409237,""rotation"":0,""rectanglelabels"":[""animal-0""],""original_width"":2500,""original_height"":3333}]","2026-03-12T10:21:34.002228Z","lontra_canadensis_5216253280.jpg",163826,"a70c87e9-62bc-41c2-9e36-96fed9136046;mammalia;carnivora;mustelidae;lontra;canadensis;north american river otter","/data/local-files/?d=sourceStorage/Mammal/SN_batch_1/lontra_canadensis_5216253280.jpg",14.886,"north american river otter","f1856211-cfb7-4a5b-9158-c0f72fd09ee6;;;;;;blank",0.9518,"classifier","lontra canadensis","2026-03-12T10:21:34.002256Z"
"",36206,"1","[{""x"":60.35658793594858,""y"":49.23732988855017,""width"":18.6691474348099,""height"":5.2539496566543775,""rotation"":0,""rectanglelabels"":[""animal-0""],""original_width"":2500,""original_height"":1669}]","2026-03-12T10:23:05.755436Z","lontra_longicaudis_3301864115.jpg",163889,"47271bc2-de1a-4ee4-8353-9039a1847f11;mammalia;carnivora;mustelidae;lontra;longicaudis;neotropical otter","/data/local-files/?d=sourceStorage/Mammal/SN_batch_1/lontra_longicaudis_3301864115.jpg",13.197,"neotropical otter","f1856211-cfb7-4a5b-9158-c0f72fd09ee6;;;;;;blank",0.5976,"classifier","lontra longicaudis","2026-03-12T10:23:05.755466Z"
"",36207,"1","[{""x"":46.95225806451614,""y"":59.30521091811415,""width"":13.790173697270468,""height"":8.188585607940446,""rotation"":0,""rectanglelabels"":[""animal-0""],""original_width"":2500,""original_height"":1654}]","2026-03-12T10:23:27.456873Z","lontra_longicaudis_3343907819.jpg",163891,"47271bc2-de1a-4ee4-8353-9039a1847f11;mammalia;carnivora;mustelidae;lontra;longicaudis;neotropical otter","/data/local-files/?d=sourceStorage/Mammal/SN_batch_1/lontra_longicaudis_3343907819.jpg",5.239,"neotropical otter","f1856211-cfb7-4a5b-9158-c0f72fd09ee6;;;;;;blank",0.8591,"classifier","lontra longicaudis","2026-03-12T10:23:27.456905Z"
"",36208,"1","[{""x"":16.68224299065421,""y"":72.27413859306552,""width"":11.121495327102803,""height"":8.411214953270992,""rotation"":0,""rectanglelabels"":[""animal-0""],""original_width"":2500,""original_height"":1275},{""x"":28.121495327102807,""y"":73.20872745054818,""width"":12.39252336448598,""height"":8.09968847352026,""rotation"":0,""rectanglelabels"":[""animal-0""],""original_width"":2500,""original_height"":1275},{""x"":60.373831775700936,""y"":75.0778816199377,""width"":11.121495327102807,""height"":6.54205607476635,""rotation"":0,""rectanglelabels"":[""animal-0""],""original_width"":2500,""original_height"":1275}]","2026-03-12T10:24:28.062818Z","lutra_lutra_5085719562.jpg",163953,"0f132580-6fc9-4ffa-8e6d-39cdc00c359e;mammalia;carnivora;mustelidae;lutra;lutra;eurasian otter","/data/local-files/?d=sourceStorage/Mammal/SN_batch_1/lutra_lutra_5085719562.jpg",23.755,"eurasian otter","f1856211-cfb7-4a5b-9158-c0f72fd09ee6;;;;;;blank",0.9927,"classifier","lutra lutra","2026-03-12T10:24:28.062843Z"
"",36210,"1","[{""x"":49.519999999999996,""y"":50.4,""width"":8.960000000000015,""height"":8.906666666666673,""rotation"":0,""rectanglelabels"":[""animal-0""],""original_width"":2500,""original_height"":1875}]","2026-03-12T10:26:46.265780Z","macaca_assamensis_4430868362.jpg",164411,"13790e43-a527-4cd6-a24d-a42f0b54ca5b;mammalia;primates;cercopithecidae;macaca;assamensis;assam macaque","/data/local-files/?d=sourceStorage/Mammal/SN_batch_1/macaca_assamensis_4430868362.jpg",8.129,"assam macaque","f1856211-cfb7-4a5b-9158-c0f72fd09ee6;;;;;;blank",0.9693,"classifier","macaca assamensis","2026-03-12T10:26:46.265807Z"
"",36209,"1","[{""x"":0.04,""y"":0,""width"":99.88,""height"":24.44,""rotation"":0,""rectanglelabels"":[""human""],""original_width"":2500,""original_height"":4444},{""x"":45.73173740765942,""y"":40.148272759842925,""width"":14.185696262778924,""height"":17.302316658340352,""rotation"":0,""rectanglelabels"":[""animal-0""],""original_width"":2500,""original_height"":4444}]","2026-03-12T10:26:35.597253Z","macaca_fascicularis_5063245138.jpg",164412,"a385581a-983c-4154-857f-1f78c856a850;mammalia;primates;cercopithecidae;macaca;fascicularis;common long-tailed macaque","/data/local-files/?d=sourceStorage/Mammal/SN_batch_1/macaca_fascicularis_5063245138.jpg",16.338,"common long-tailed macaque","f1856211-cfb7-4a5b-9158-c0f72fd09ee6;;;;;;blank",0.9974,"classifier","macaca fascicularis","2026-03-12T10:26:35.597290Z"
"",36211,"1","[{""x"":44.08000000000001,""y"":56.31563156315633,""width"":5.84000000000003,""height"":7.230723072307228,""rotation"":0,""rectanglelabels"":[""animal-0""],""original_width"":2500,""original_height"":3333}]","2026-03-12T10:27:49.339497Z","macaca_mulatta_5837763936.jpg",164435,"8bb444ba-56d5-427d-8872-5f2f44d90f39;mammalia;primates;cercopithecidae;macaca;mulatta;rhesus monkey","/data/local-files/?d=sourceStorage/Mammal/SN_batch_1/macaca_mulatta_5837763936.jpg",15.315,"rhesus monkey","f1856211-cfb7-4a5b-9158-c0f72fd09ee6;;;;;;blank",0.9874,"classifier","macaca mulatta","2026-03-12T10:27:49.339527Z"
"",36212,"1","[{""x"":47.599999999999994,""y"":41.5111111111111,""width"":1.7199999999999727,""height"":5.333333333333326,""rotation"":0,""rectanglelabels"":[""animal-0""],""original_width"":2500,""original_height"":1125}]","2026-03-12T10:28:12.512132Z","macaca_mulatta_5837849922.jpg",164436,"8bb444ba-56d5-427d-8872-5f2f44d90f39;mammalia;primates;cercopithecidae;macaca;mulatta;rhesus monkey","/data/local-files/?d=sourceStorage/Mammal/SN_batch_1/macaca_mulatta_5837849922.jpg",13.817,"rhesus monkey","f1856211-cfb7-4a5b-9158-c0f72fd09ee6;;;;;;blank",0.9898,"classifier","macaca mulatta","2026-03-12T10:28:12.512159Z"
"",36213,"1","[{""x"":54.11999999999989,""y"":48.15614124185625,""width"":9.599999999999977,""height"":2.662351292772251,""rotation"":0,""rectanglelabels"":[""animal-0""],""original_width"":2500,""original_height"":5559}]","2026-03-12T10:29:08.026866Z","macaca_radiata_4046768329.jpg",164489,"8c93c4e2-a56c-44cd-a52f-8b6507b1753c;mammalia;primates;cercopithecidae;macaca;radiata;bonnet macaque","/data/local-files/?d=sourceStorage/Mammal/SN_batch_1/macaca_radiata_4046768329.jpg",21.692,"bonnet macaque","f1856211-cfb7-4a5b-9158-c0f72fd09ee6;;;;;;blank",0.996,"classifier","macaca radiata","2026-03-12T10:29:08.026895Z"
"",36215,"1","[{""x"":49.239999999999995,""y"":30.156472261735384,""width"":6.3999999999999915,""height"":6.330019448821865,""rotation"":0,""rectanglelabels"":[""animal-0""],""original_width"":2500,""original_height"":1406}]","2026-03-12T10:30:02.571371Z","macaca_radiata_4866465377.jpg",164492,"8c93c4e2-a56c-44cd-a52f-8b6507b1753c;mammalia;primates;cercopithecidae;macaca;radiata;bonnet macaque","/data/local-files/?d=sourceStorage/Mammal/SN_batch_1/macaca_radiata_4866465377.jpg",15.036,"bonnet macaque","f1856211-cfb7-4a5b-9158-c0f72fd09ee6;;;;;;blank",0.5198,"classifier","macaca radiata","2026-03-12T10:30:02.571418Z"
"",36214,"1","[{""x"":38.53995695999994,""y"":49.90854014008716,""width"":12.259202120000005,""height"":6.670323047435836,""rotation"":0,""rectanglelabels"":[""animal-0""],""original_width"":2500,""original_height"":5418}]","2026-03-12T10:29:44.996533Z","macaca_radiata_5008008262.jpg",164493,"8c93c4e2-a56c-44cd-a52f-8b6507b1753c;mammalia;primates;cercopithecidae;macaca;radiata;bonnet macaque","/data/local-files/?d=sourceStorage/Mammal/SN_batch_1/macaca_radiata_5008008262.jpg",17.323,"bonnet macaque","f1856211-cfb7-4a5b-9158-c0f72fd09ee6;;;;;;blank",0.9991,"classifier","macaca radiata","2026-03-12T10:29:44.996564Z"
"",36216,"1","[{""x"":48.64,""y"":44.255845323741006,""width"":4.239999999999995,""height"":4.181654676258994,""rotation"":0,""rectanglelabels"":[""animal-0""],""original_width"":2500,""original_height"":4448}]","2026-03-12T10:31:04.745357Z","macropus_fuliginosus_5230579239.jpg",164658,"4ea835ca-e0c9-4e3b-90d5-e5100bfcea81;mammalia;diprotodontia;macropodidae;macropus;fuliginosus;western gray kangaroo","/data/local-files/?d=sourceStorage/Mammal/SN_batch_1/macropus_fuliginosus_5230579239.jpg",8.481,"western gray kangaroo","f1856211-cfb7-4a5b-9158-c0f72fd09ee6;;;;;;blank",0.7806,"classifier","macropus fuliginosus","2026-03-12T10:31:04.745382Z"
"",36217,"1","[{""x"":43,""y"":49.489795918367335,""width"":3.9599999999999937,""height"":3.6014405762304946,""rotation"":0,""rectanglelabels"":[""animal-0""],""original_width"":2500,""original_height"":1666}]","2026-03-12T10:31:38.200865Z","macropus_robustus_4923618205.jpg",164739,"86e0636d-c57a-46e6-951c-8e25b503a1df;mammalia;diprotodontia;macropodidae;macropus;robustus;common wallaroo","/data/local-files/?d=sourceStorage/Mammal/SN_batch_1/macropus_robustus_4923618205.jpg",8.918,"common wallaroo","f1856211-cfb7-4a5b-9158-c0f72fd09ee6;;;;;;blank",0.9997,"classifier","macropus robustus","2026-03-12T10:31:38.200893Z"
"",36218,"1","[{""x"":56.120000000000005,""y"":38.93072289156627,""width"":1.0799999999999983,""height"":2.1686746987951864,""rotation"":0,""rectanglelabels"":[""animal-0""],""original_width"":2500,""original_height"":3320}]","2026-03-12T10:33:53.251961Z","marmota_flaviventris_5206799372.jpg",164991,"12aaee1d-c0e6-4c0c-ac13-5ff1eff8313a;mammalia;rodentia;sciuridae;marmota;flaviventris;yellow-bellied marmot","/data/local-files/?d=sourceStorage/Mammal/SN_batch_1/marmota_flaviventris_5206799372.jpg",11.148,"yellow-bellied marmot","f1856211-cfb7-4a5b-9158-c0f72fd09ee6;;;;;;blank",0.9992,"classifier","marmota flaviventris","2026-03-12T10:33:53.251992Z"
"",36219,"1","[{""x"":66.39999999999999,""y"":31.57894736842105,""width"":5.719999999999999,""height"":4.907539118065433,""rotation"":0,""rectanglelabels"":[""animal-0""],""original_width"":2500,""original_height"":1406}]","2026-03-12T10:35:46.466802Z","martes_americana_4096586506.jpg",165066,"819ea972-9d43-40f8-a47d-f415c816de94;mammalia;carnivora;mustelidae;martes;americana;american marten","/data/local-files/?d=sourceStorage/Mammal/SN_batch_1/martes_americana_4096586506.jpg",12.021,"american marten","f1856211-cfb7-4a5b-9158-c0f72fd09ee6;;;;;;blank",0.9401,"classifier","martes americana","2026-03-12T10:35:46.466828Z"
"",36220,"1","[{""x"":34.801488833746895,""y"":41.19106699751861,""width"":28.846153846153864,""height"":28.039702233250612,""rotation"":0,""rectanglelabels"":[""animal-0""],""original_width"":2500,""original_height"":1875}]","2026-03-12T10:36:24.186882Z","martes_flavigula_3408193058.jpg",165144,"8d7dc39f-0fea-42fd-bc07-e95fde4bab06;mammalia;carnivora;mustelidae;martes;flavigula;yellow-throated marten","/data/local-files/?d=sourceStorage/Mammal/SN_batch_1/martes_flavigula_3408193058.jpg",9.375,"yellow-throated marten","f1856211-cfb7-4a5b-9158-c0f72fd09ee6;;;;;;blank",0.9231,"classifier","martes flavigula","2026-03-12T10:36:24.186929Z"
"",36221,"1","[{""x"":47.36,""y"":44.88448844884484,""width"":3.240000000000012,""height"":6.510651065106518,""rotation"":0,""rectanglelabels"":[""animal-0""],""original_width"":2500,""original_height"":3333}]","2026-03-12T10:37:11.828637Z","martes_martes_5918109407.jpg",165214,"d106b2ea-7474-4da0-bb65-3345d07fdc1f;mammalia;carnivora;mustelidae;martes;martes;pine marten","/data/local-files/?d=sourceStorage/Mammal/SN_batch_1/martes_martes_5918109407.jpg",16.078,"pine marten","f1856211-cfb7-4a5b-9158-c0f72fd09ee6;;;;;;blank",0.9404,"classifier","martes martes","2026-03-12T10:37:11.828668Z"
"",36222,"1","[{""x"":39.40287841191065,""y"":39.70223325062036,""width"":15.893598014888338,""height"":36.72456575682382,""rotation"":0,""rectanglelabels"":[""animal-0""],""original_width"":2500,""original_height"":3336}]","2026-03-12T10:39:37.829302Z","mephitis_macroura_3384690128.jpg",165823,"8d86a4a1-7ffc-404c-b228-7aa0aacb6b1f;mammalia;carnivora;mephitidae;mephitis;macroura;hooded skunk","/data/local-files/?d=sourceStorage/Mammal/SN_batch_1/mephitis_macroura_3384690128.jpg",10.562,"hooded skunk","f1856211-cfb7-4a5b-9158-c0f72fd09ee6;;;;;;blank",0.9992,"classifier","mephitis macroura","2026-03-12T10:39:37.829326Z"
"",36223,"1","[{""x"":32.53220843672456,""y"":30.769230769230756,""width"":52.647543424317675,""height"":51.61290322580644,""rotation"":0,""rectanglelabels"":[""animal-0""],""original_width"":2500,""original_height"":2502}]","2026-03-12T10:39:54.886865Z","mephitis_mephitis_5008145887.jpg",165828,"9282b7e4-f3b0-4ef3-9741-cae7f7bd346a;mammalia;carnivora;mephitidae;mephitis;mephitis;striped skunk","/data/local-files/?d=sourceStorage/Mammal/SN_batch_1/mephitis_mephitis_5008145887.jpg",10.53,"striped skunk","f1856211-cfb7-4a5b-9158-c0f72fd09ee6;;;;;;blank",0.9863,"classifier","mephitis mephitis","2026-03-12T10:39:54.886894Z"
"",36224,"1","[{""x"":49.645657568238214,""y"":32.00992555831266,""width"":26.21736972704715,""height"":42.18362282878411,""rotation"":0,""rectanglelabels"":[""animal-0""],""original_width"":2500,""original_height"":2810}]","2026-03-12T10:40:31.426849Z","mephitis_mephitis_5198583730.jpg",165841,"9282b7e4-f3b0-4ef3-9741-cae7f7bd346a;mammalia;carnivora;mephitidae;mephitis;mephitis;striped skunk","/data/local-files/?d=sourceStorage/Mammal/SN_batch_1/mephitis_mephitis_5198583730.jpg",7.667,"striped skunk","f1856211-cfb7-4a5b-9158-c0f72fd09ee6;;;;;;blank",0.9953,"classifier","mephitis mephitis","2026-03-12T10:40:31.426883Z"
"",36225,"1","[{""x"":54.30335025380709,""y"":40.35532576183915,""width"":28.739492385786736,""height"":18.781730075724287,""rotation"":0,""rectanglelabels"":[""animal-0""],""original_width"":2500,""original_height"":1564}]","2026-03-12T10:41:18.921304Z","mustela_erminea_4516677830.jpg",165944,"696f42f4-7eb9-491c-a1fe-b1d5c78ebcba;mammalia;carnivora;mustelidae;mustela;erminea;stoat","/data/local-files/?d=sourceStorage/Mammal/SN_batch_1/mustela_erminea_4516677830.jpg",8.62,"stoat","f1856211-cfb7-4a5b-9158-c0f72fd09ee6;;;;;;blank",0.5234,"classifier","mustela erminea","2026-03-12T10:41:18.921334Z"
"",36226,"1","[{""x"":52.07999999999999,""y"":53.209358128374326,""width"":1.8399999999999963,""height"":1.9796040791841634,""rotation"":0,""rectanglelabels"":[""animal-0""],""original_width"":2500,""original_height"":1667}]","2026-03-12T10:41:30.069883Z","mustela_erminea_4532739603.jpg",165945,"696f42f4-7eb9-491c-a1fe-b1d5c78ebcba;mammalia;carnivora;mustelidae;mustela;erminea;stoat","/data/local-files/?d=sourceStorage/Mammal/SN_batch_1/mustela_erminea_4532739603.jpg",9.023,"stoat","f1856211-cfb7-4a5b-9158-c0f72fd09ee6;;;;;;blank",0.987,"classifier","mustela erminea","2026-03-12T10:41:30.069913Z"
"",36227,"1","[{""x"":41.64589268780363,""y"":64.35154249655962,""width"":4.8687242926022165,""height"":1.8442168559539518,""rotation"":0,""rectanglelabels"":[""animal-0""],""original_width"":2500,""original_height"":1875}]","2026-03-12T10:41:53.487959Z","mustela_erminea_4847030080.jpg",165946,"696f42f4-7eb9-491c-a1fe-b1d5c78ebcba;mammalia;carnivora;mustelidae;mustela;erminea;stoat","/data/local-files/?d=sourceStorage/Mammal/SN_batch_1/mustela_erminea_4847030080.jpg",21.382,"stoat","f1856211-cfb7-4a5b-9158-c0f72fd09ee6;;;;;;blank",0.9949,"classifier","mustela erminea","2026-03-12T10:41:53.487985Z"
"",36228,"1","[{""x"":27.32,""y"":38.812237552489506,""width"":2.639999999999997,""height"":8.81823635272945,""rotation"":0,""rectanglelabels"":[""animal-0""],""original_width"":2500,""original_height"":1667}]","2026-03-12T10:42:18.713345Z","mustela_erminea_4910577157.jpg",165948,"696f42f4-7eb9-491c-a1fe-b1d5c78ebcba;mammalia;carnivora;mustelidae;mustela;erminea;stoat","/data/local-files/?d=sourceStorage/Mammal/SN_batch_1/mustela_erminea_4910577157.jpg",13.325,"stoat","f1856211-cfb7-4a5b-9158-c0f72fd09ee6;;;;;;blank",0.6066,"classifier","mustela erminea","2026-03-12T10:42:18.713375Z"
"",36229,"1","[{""x"":32.92,""y"":31.819999999999997,""width"":12.280000000000001,""height"":4.21,""rotation"":0,""rectanglelabels"":[""animal-0""],""original_width"":2500,""original_height"":5556}]","2026-03-12T10:43:04.113016Z","mustela_erminea_5893612672.jpg",165962,"696f42f4-7eb9-491c-a1fe-b1d5c78ebcba;mammalia;carnivora;mustelidae;mustela;erminea;stoat","/data/local-files/?d=sourceStorage/Mammal/SN_batch_1/mustela_erminea_5893612672.jpg",6.719,"stoat","f1856211-cfb7-4a5b-9158-c0f72fd09ee6;;;;;;blank",0.9935,"classifier","mustela erminea","2026-03-12T10:43:04.113046Z"
"",36230,"1","[{""x"":3.8095238095238098,""y"":12.857431651828138,""width"":96.19047619047619,""height"":87.14256834817186,""rotation"":0,""rectanglelabels"":[""animal-0""],""original_width"":2500,""original_height"":972}]","2026-03-12T10:45:42.283717Z","mustela_nivalis_5135505652.jpg",166225,"aadb2862-6e62-4e62-981a-d7c2b25dfbfc;mammalia;carnivora;mustelidae;mustela;nivalis;least weasel","/data/local-files/?d=sourceStorage/Mammal/SN_batch_1/mustela_nivalis_5135505652.jpg",11.411,"least weasel","f1856211-cfb7-4a5b-9158-c0f72fd09ee6;;;;;;blank",0.9747,"classifier","mustela nivalis","2026-03-12T10:45:42.283745Z"
"",36231,"1","[{""x"":40.559999999999995,""y"":64.77647764776479,""width"":9.040000000000006,""height"":1.6501650165016457,""rotation"":0,""rectanglelabels"":[""animal-0""],""original_width"":2500,""original_height"":3333}]","2026-03-12T10:46:18.469170Z","myocastor_coypus_5063669044.jpg",166250,"7a839b39-9916-45ec-a01b-d88d814a11ed;mammalia;rodentia;myocastoridae;myocastor;coypus;nutria","/data/local-files/?d=sourceStorage/Mammal/SN_batch_1/myocastor_coypus_5063669044.jpg",9.128,"nutria","f1856211-cfb7-4a5b-9158-c0f72fd09ee6;;;;;;blank",0.9942,"classifier","myocastor coypus","2026-03-12T10:46:18.469198Z"
"",36232,"1","[{""x"":45.24000000000001,""y"":51.75516865373534,""width"":9.600000000000009,""height"":3.420348898019824,""rotation"":0,""rectanglelabels"":[""animal-0""],""original_width"":2500,""original_height"":3333}]","2026-03-12T10:46:31.435743Z","myocastor_coypus_5063819145.jpg",166251,"7a839b39-9916-45ec-a01b-d88d814a11ed;mammalia;rodentia;myocastoridae;myocastor;coypus;nutria","/data/local-files/?d=sourceStorage/Mammal/SN_batch_1/myocastor_coypus_5063819145.jpg",10.638,"nutria","f1856211-cfb7-4a5b-9158-c0f72fd09ee6;;;;;;blank",0.6113,"classifier","myocastor coypus","2026-03-12T10:46:31.435772Z"
"",36233,"1","[{""x"":41.040000000000006,""y"":41.7941794179418,""width"":10.600000000000001,""height"":1.4101410141014128,""rotation"":0,""rectanglelabels"":[""animal-0""],""original_width"":2500,""original_height"":3333}]","2026-03-12T10:46:49.118726Z","myocastor_coypus_5076914464.jpg",166252,"7a839b39-9916-45ec-a01b-d88d814a11ed;mammalia;rodentia;myocastoridae;myocastor;coypus;nutria","/data/local-files/?d=sourceStorage/Mammal/SN_batch_1/myocastor_coypus_5076914464.jpg",14.484,"nutria","f1856211-cfb7-4a5b-9158-c0f72fd09ee6;;;;;;blank",0.9969,"classifier","myocastor coypus","2026-03-12T10:46:49.118757Z"
"",36234,"1","[{""x"":55.08684863523573,""y"":40.69478908188586,""width"":16.004962779156322,""height"":5.955334987593055,""rotation"":0,""rectanglelabels"":[""animal-0""],""original_width"":2500,""original_height"":1875}]","2026-03-12T10:47:08.517480Z","myocastor_coypus_5135700548.jpg",166257,"7a839b39-9916-45ec-a01b-d88d814a11ed;mammalia;rodentia;myocastoridae;myocastor;coypus;nutria","/data/local-files/?d=sourceStorage/Mammal/SN_batch_1/myocastor_coypus_5135700548.jpg",5.436,"nutria","f1856211-cfb7-4a5b-9158-c0f72fd09ee6;;;;;;blank",0.9927,"classifier","myocastor coypus","2026-03-12T10:47:08.517540Z"
"",36138,"1","[{""x"":61.18,""y"":45.46666666666667,""width"":1.8800000000000026,""height"":2.0799999999999983,""rotation"":0,""rectanglelabels"":[""animal-0""],""original_width"":2500,""original_height"":1875},{""x"":33.90000100006088,""y"":72.50666666666675,""width"":1.679999599975647,""height"":3.6800000000000215,""rotation"":0,""rectanglelabels"":[""animal-0""],""original_width"":2500,""original_height"":1875}]","2026-03-11T16:32:29.884889Z","oreamnos_americanus_4926179149.jpg",166381,"af80ecfc-4048-4ae6-b0d5-66913090d777;mammalia;cetartiodactyla;bovidae;oreamnos;americanus;mountain goat","/data/local-files/?d=sourceStorage/Mammal/SN_batch_2/oreamnos_americanus_4926179149.jpg",23.642,"mountain goat","f1856211-cfb7-4a5b-9158-c0f72fd09ee6;;;;;;blank",0.9992,"classifier","oreamnos americanus","2026-03-11T16:32:29.884912Z"
"",36139,"1","[{""x"":44.92,""y"":34.13,""width"":24.12,""height"":20.5,""rotation"":0,""rectanglelabels"":[""animal-0""],""original_width"":2500,""original_height"":2288}]","2026-03-11T16:32:38.791798Z","oreamnos_americanus_4950087569.jpg",166384,"af80ecfc-4048-4ae6-b0d5-66913090d777;mammalia;cetartiodactyla;bovidae;oreamnos;americanus;mountain goat","/data/local-files/?d=sourceStorage/Mammal/SN_batch_2/oreamnos_americanus_4950087569.jpg",2.583,"mountain goat","f1856211-cfb7-4a5b-9158-c0f72fd09ee6;;;;;;blank",0.9924,"classifier","oreamnos americanus","2026-03-11T16:32:38.791830Z"
"",36141,"1","[{""x"":53.403141361256544,""y"":28.79581151832461,""width"":6.282722513089013,""height"":6.544502617801047,""rotation"":0,""rectanglelabels"":[""animal-0""],""original_width"":2500,""original_height"":1875}]","2026-03-11T16:33:13.973197Z","oreamnos_americanus_5282599309.jpg",166392,"af80ecfc-4048-4ae6-b0d5-66913090d777;mammalia;cetartiodactyla;bovidae;oreamnos;americanus;mountain goat","/data/local-files/?d=sourceStorage/Mammal/SN_batch_2/oreamnos_americanus_5282599309.jpg",6.648,"mountain goat","f1856211-cfb7-4a5b-9158-c0f72fd09ee6;;;;;;blank",0.9931,"classifier","oreamnos americanus","2026-03-11T16:33:13.973229Z"
"",36142,"1","[{""x"":44.36,""y"":48.209999999999994,""width"":19.32,""height"":7.140000000000001,""rotation"":0,""rectanglelabels"":[""animal-0""],""original_width"":2500,""original_height"":3333}]","2026-03-11T16:33:18.747712Z","oreamnos_americanus_5827531924.jpg",166394,"af80ecfc-4048-4ae6-b0d5-66913090d777;mammalia;cetartiodactyla;bovidae;oreamnos;americanus;mountain goat","/data/local-files/?d=sourceStorage/Mammal/SN_batch_2/oreamnos_americanus_5827531924.jpg",2.38,"mountain goat","f1856211-cfb7-4a5b-9158-c0f72fd09ee6;;;;;;blank",0.9931,"classifier","oreamnos americanus","2026-03-11T16:33:18.747737Z"
"",36143,"1","[{""x"":44.802931937172765,""y"":38.74345813247594,""width"":10.286387434554975,""height"":4.973824624622571,""rotation"":0,""rectanglelabels"":[""animal-0""],""original_width"":2500,""original_height"":2183}]","2026-03-11T16:34:01.011739Z","oreamnos_americanus_5828267537.jpg",166398,"af80ecfc-4048-4ae6-b0d5-66913090d777;mammalia;cetartiodactyla;bovidae;oreamnos;americanus;mountain goat","/data/local-files/?d=sourceStorage/Mammal/SN_batch_2/oreamnos_americanus_5828267537.jpg",30.623,"mountain goat","f1856211-cfb7-4a5b-9158-c0f72fd09ee6;;;;;;blank",0.9991,"classifier","oreamnos americanus","2026-03-11T16:34:01.011764Z"
"",36144,"1","[{""x"":89.67999999999998,""y"":60.238095238095234,""width"":3.0400000000000063,""height"":5.1190476190476275,""rotation"":0,""rectanglelabels"":[""animal-0""],""original_width"":2500,""original_height"":840},{""x"":84.39999999999999,""y"":56.547619047619044,""width"":3.3200000000000074,""height"":7.142857142857146,""rotation"":0,""rectanglelabels"":[""animal-0""],""original_width"":2500,""original_height"":840},{""x"":86.99999939996349,""y"":57.49999999999999,""width"":2.3999999999999915,""height"":7.857142857142868,""rotation"":0,""rectanglelabels"":[""animal-0""],""original_width"":2500,""original_height"":840},{""x"":64.67999999999999,""y"":56.07142857142856,""width"":2.5600000000000023,""height"":7.261904761904759,""rotation"":0,""rectanglelabels"":[""animal-0""],""original_width"":2500,""original_height"":840},{""x"":53.84000120007304,""y"":56.07142506501438,""width"":3.5600000000000023,""height"":7.261904761904753,""rotation"":0,""rectanglelabels"":[""animal-0""],""original_width"":2500,""original_height"":840},{""x"":42.71999999999995,""y"":55.35714285714266,""width"":4.1200006000365645,""height"":8.452380952380928,""rotation"":0,""rectanglelabels"":[""animal-0""],""original_width"":2500,""original_height"":840},{""x"":36.03999999999999,""y"":54.16666666666651,""width"":3.8400016000974055,""height"":9.880952380952367,""rotation"":0,""rectanglelabels"":[""animal-0""],""original_width"":2500,""original_height"":840}]","2026-03-11T16:37:56.306937Z","oryx_beisa_4994564295.jpg",166695,"4e0604ee-8230-4f80-a4d1-a89af622470d;mammalia;cetartiodactyla;bovidae;oryx;beisa;beisa oryx","/data/local-files/?d=sourceStorage/Mammal/SN_batch_2/oryx_beisa_4994564295.jpg",69.484,"beisa oryx","f1856211-cfb7-4a5b-9158-c0f72fd09ee6;;;;;;blank",0.8765,"classifier","oryx beisa","2026-03-11T16:37:56.306964Z"
"",36145,"1","[{""x"":23.952879581151834,""y"":40.05235602094241,""width"":11.976439790575917,""height"":16.230366492146587,""rotation"":0,""rectanglelabels"":[""animal-0""],""original_width"":2500,""original_height"":1875}]","2026-03-11T16:45:46.168877Z","oryx_gazella_4080937210.jpg",166762,"6038ccfc-94bd-4f04-9ec8-77a4f1fb78fe;mammalia;cetartiodactyla;bovidae;oryx;gazella;gemsbok","/data/local-files/?d=sourceStorage/Mammal/SN_batch_2/oryx_gazella_4080937210.jpg",12.435,"gemsbok","f1856211-cfb7-4a5b-9158-c0f72fd09ee6;;;;;;blank",0.9965,"classifier","oryx gazella","2026-03-11T16:45:46.168904Z"
"",36146,"1","[{""x"":41.38219895287958,""y"":26.701570680628272,""width"":14.810471204188481,""height"":32.460732984293195,""rotation"":0,""rectanglelabels"":[""animal-0""],""original_width"":2500,""original_height"":2080}]","2026-03-11T16:46:11.723582Z","oryx_gazella_4945612743.jpg",166774,"6038ccfc-94bd-4f04-9ec8-77a4f1fb78fe;mammalia;cetartiodactyla;bovidae;oryx;gazella;gemsbok","/data/local-files/?d=sourceStorage/Mammal/SN_batch_2/oryx_gazella_4945612743.jpg",4.587,"gemsbok","f1856211-cfb7-4a5b-9158-c0f72fd09ee6;;;;;;blank",0.9929,"classifier","oryx gazella","2026-03-11T16:46:11.723609Z"
"",36147,"1","[{""x"":31.020000000000003,""y"":46.87055476529161,""width"":1.5600000000000023,""height"":3.058321479374115,""rotation"":0,""rectanglelabels"":[""animal-0""],""original_width"":2500,""original_height"":1406}]","2026-03-11T16:47:14.427938Z","otospermophilus_beecheyi_5087569596.jpg",166968,"d01f67fd-836b-4b25-89fc-2239e59f56b0;mammalia;rodentia;sciuridae;otospermophilus;beecheyi;california ground squirrel","/data/local-files/?d=sourceStorage/Mammal/SN_batch_2/otospermophilus_beecheyi_5087569596.jpg",13.639,"california ground squirrel","f1856211-cfb7-4a5b-9158-c0f72fd09ee6;;;;;;blank",0.9881,"classifier","otospermophilus beecheyi","2026-03-11T16:47:14.427969Z"
"",36148,"1","[{""x"":31.44,""y"":24.48,""width"":11.200000000000001,""height"":28.749999999999996,""rotation"":0,""rectanglelabels"":[""animal-0""],""original_width"":2500,""original_height"":1871}]","2026-03-11T16:49:48.093932Z","pan_troglodytes_5007062703.jpg",167426,"5ff4999d-7a3c-4ad8-bf3e-3664fd25a71f;mammalia;primates;hominidae;pan;troglodytes;chimpanzee","/data/local-files/?d=sourceStorage/Mammal/SN_batch_2/pan_troglodytes_5007062703.jpg",2.601,"chimpanzee","f1856211-cfb7-4a5b-9158-c0f72fd09ee6;;;;;;blank",0.9987,"classifier","pan troglodytes","2026-03-11T16:49:48.093962Z"
"",36149,"1","[{""x"":29.164787219192945,""y"":50.91149074967476,""width"":6.379797204198454,""height"":4.101708373536368,""rotation"":0,""rectanglelabels"":[""animal-0""],""original_width"":2500,""original_height"":3333}]","2026-03-11T16:50:11.069030Z","pan_troglodytes_5761048438.jpg",167429,"5ff4999d-7a3c-4ad8-bf3e-3664fd25a71f;mammalia;primates;hominidae;pan;troglodytes;chimpanzee","/data/local-files/?d=sourceStorage/Mammal/SN_batch_2/pan_troglodytes_5761048438.jpg",14.713,"chimpanzee","f1856211-cfb7-4a5b-9158-c0f72fd09ee6;;;;;;blank",0.9923,"classifier","pan troglodytes","2026-03-11T16:50:11.069053Z"
"",36150,"1","[{""x"":34.36230366492146,""y"":50.26178010471204,""width"":24.299057591623033,""height"":29.319371727748695,""rotation"":0,""rectanglelabels"":[""animal-0""],""original_width"":2500,""original_height"":2344}]","2026-03-11T16:51:07.528678Z","pan_troglodytes_5920220460.jpg",167431,"5ff4999d-7a3c-4ad8-bf3e-3664fd25a71f;mammalia;primates;hominidae;pan;troglodytes;chimpanzee","/data/local-files/?d=sourceStorage/Mammal/SN_batch_2/pan_troglodytes_5920220460.jpg",47.519,"chimpanzee","f1856211-cfb7-4a5b-9158-c0f72fd09ee6;;;;;;blank",0.8953,"classifier","pan troglodytes","2026-03-11T16:51:07.528699Z"
"",36151,"1","[{""x"":5.933089005235603,""y"":52.09424083769634,""width"":64.21696335078533,""height"":31.151832460732983,""rotation"":0,""rectanglelabels"":[""animal-0""],""original_width"":2500,""original_height"":3333}]","2026-03-11T16:52:11.085321Z","panthera_leo_5238234427.jpg",167438,"ddf59264-185a-4d35-b647-2785792bdf54;mammalia;carnivora;felidae;panthera;leo;lion","/data/local-files/?d=sourceStorage/Mammal/SN_batch_2/panthera_leo_5238234427.jpg",20.886,"lion","f1856211-cfb7-4a5b-9158-c0f72fd09ee6;;;;;;blank",0.9982,"classifier","panthera leo","2026-03-11T16:52:11.085352Z"
"",36152,"1","[{""x"":8.516020942408376,""y"":42.93193717277487,""width"":37.95183246073299,""height"":35.078534031413604,""rotation"":0,""rectanglelabels"":[""animal-0""],""original_width"":2500,""original_height"":1768},{""x"":42.02471204188482,""y"":52.09424083769634,""width"":43.50575916230367,""height"":27.486910994764393,""rotation"":0,""rectanglelabels"":[""animal-0""],""original_width"":2500,""original_height"":1768}]","2026-03-11T16:52:47.435986Z","panthera_leo_5890424698.jpg",167442,"ddf59264-185a-4d35-b647-2785792bdf54;mammalia;carnivora;felidae;panthera;leo;lion","/data/local-files/?d=sourceStorage/Mammal/SN_batch_2/panthera_leo_5890424698.jpg",11.627,"lion","f1856211-cfb7-4a5b-9158-c0f72fd09ee6;;;;;;blank",0.9921,"classifier","panthera leo","2026-03-11T16:52:47.436014Z"
"",36153,"1","[{""x"":22.36,""y"":39.5,""width"":38.12,""height"":14.02,""rotation"":0,""rectanglelabels"":[""animal-0""],""original_width"":2500,""original_height"":1676}]","2026-03-11T16:53:53.516157Z","panthera_pardus_4978283928.jpg",167520,"aa73e0ac-973d-461d-914a-d2fa6e4b98a4;mammalia;carnivora;felidae;panthera;pardus;leopard","/data/local-files/?d=sourceStorage/Mammal/SN_batch_2/panthera_pardus_4978283928.jpg",2.223,"leopard","f1856211-cfb7-4a5b-9158-c0f72fd09ee6;;;;;;blank",0.9951,"classifier","panthera pardus","2026-03-11T16:53:53.516204Z"
"",36154,"1","[{""x"":35.099999999999994,""y"":36.39999999999999,""width"":9.840000000000003,""height"":6.719999999999999,""rotation"":0,""rectanglelabels"":[""animal-0""],""original_width"":2500,""original_height"":1250}]","2026-03-11T16:54:33.439084Z","panthera_pardus_5828275406.jpg",167528,"aa73e0ac-973d-461d-914a-d2fa6e4b98a4;mammalia;carnivora;felidae;panthera;pardus;leopard","/data/local-files/?d=sourceStorage/Mammal/SN_batch_2/panthera_pardus_5828275406.jpg",15.605,"leopard","f1856211-cfb7-4a5b-9158-c0f72fd09ee6;;;;;;blank",0.9971,"classifier","panthera pardus","2026-03-11T16:54:33.439109Z"
"",36155,"1","[{""x"":18.996020942408375,""y"":35.340314136125656,""width"":66.98596858638743,""height"":35.340314136125656,""rotation"":0,""rectanglelabels"":[""animal-0""],""original_width"":2500,""original_height"":2387}]","2026-03-11T16:54:46.251327Z","panthera_pardus_5897226346.jpg",167529,"aa73e0ac-973d-461d-914a-d2fa6e4b98a4;mammalia;carnivora;felidae;panthera;pardus;leopard","/data/local-files/?d=sourceStorage/Mammal/SN_batch_2/panthera_pardus_5897226346.jpg",7.764,"leopard","f1856211-cfb7-4a5b-9158-c0f72fd09ee6;;;;;;blank",0.9835,"classifier","panthera pardus","2026-03-11T16:54:46.251352Z"
"",36157,"1","[{""x"":29.58115183246074,""y"":40.31412953792009,""width"":11.649214659685866,""height"":19.895297180943285,""rotation"":0,""rectanglelabels"":[""animal-0""],""original_width"":2500,""original_height"":1250}]","2026-03-11T16:55:33.661741Z","panthera_pardus_5936126840.jpg",167531,"aa73e0ac-973d-461d-914a-d2fa6e4b98a4;mammalia;carnivora;felidae;panthera;pardus;leopard","/data/local-files/?d=sourceStorage/Mammal/SN_batch_2/panthera_pardus_5936126840.jpg",25.054,"leopard","f1856211-cfb7-4a5b-9158-c0f72fd09ee6;;;;;;blank",0.923,"classifier","panthera pardus","2026-03-11T16:55:49.339067Z"
"",36158,"1","[{""x"":52.44,""y"":51.470000000000006,""width"":7.04,""height"":8.53,""rotation"":0,""rectanglelabels"":[""animal-0""],""original_width"":2500,""original_height"":1875},{""x"":43.782722513089006,""y"":51.832460732984295,""width"":20.811518324607327,""height"":14.136125654450261,""rotation"":0,""rectanglelabels"":[""animal-0""],""original_width"":2500,""original_height"":1875}]","2026-03-11T16:56:23.019688Z","panthera_tigris_4846868515.jpg",167549,"e1c6c5b2-b808-4d50-bf01-90aa46f964c2;mammalia;carnivora;felidae;panthera;tigris;tiger","/data/local-files/?d=sourceStorage/Mammal/SN_batch_2/panthera_tigris_4846868515.jpg",9.54,"tiger","f1856211-cfb7-4a5b-9158-c0f72fd09ee6;;;;;;blank",0.9945,"classifier","panthera tigris","2026-03-11T16:56:23.019713Z"
"",36159,"1","[{""x"":81.15183246073299,""y"":65.44502617801047,""width"":8.246073298429309,""height"":8.1151832460733,""rotation"":0,""rectanglelabels"":[""animal-0""],""original_width"":2500,""original_height"":1250}]","2026-03-11T16:57:26.097022Z","panthera_tigris_5935177215.jpg",167591,"e1c6c5b2-b808-4d50-bf01-90aa46f964c2;mammalia;carnivora;felidae;panthera;tigris;tiger","/data/local-files/?d=sourceStorage/Mammal/SN_batch_2/panthera_tigris_5935177215.jpg",7.185,"tiger","f1856211-cfb7-4a5b-9158-c0f72fd09ee6;;;;;;blank",0.9881,"classifier","panthera tigris","2026-03-11T16:57:26.097052Z"
"",36160,"1","[{""x"":18.59246073298429,""y"":61.256544502617736,""width"":17.85612565445026,""height"":36.387442460255144,""rotation"":0,""rectanglelabels"":[""animal-0""],""original_width"":2500,""original_height"":1758}]","2026-03-11T17:01:12.318786Z","peramelemorphia_5284081209.jpg",168201,"cb1c6f8c-0ba5-494f-8d39-e213b3800a85;mammalia;peramelemorphia;;;;bandicoot","/data/local-files/?d=sourceStorage/Mammal/SN_batch_2/peramelemorphia_5284081209.jpg",12.703,"bandicoot","f1856211-cfb7-4a5b-9158-c0f72fd09ee6;;;;;;blank",0.99,"classifier","peramelemorphia","2026-03-11T17:01:12.318810Z"
"",36161,"1","[{""x"":5.777591623036649,""y"":1.832460732984293,""width"":73.79958528049329,""height"":98.16753926701571,""rotation"":0,""rectanglelabels"":[""animal-0""],""original_width"":2500,""original_height"":2508}]","2026-03-11T17:02:57.072494Z","petaurus_breviceps_1632955218.jpg",168506,"16955603-25e0-4cb0-b0a7-e831af97e79b;mammalia;diprotodontia;petauridae;petaurus;breviceps;sugar glider","/data/local-files/?d=sourceStorage/Mammal/SN_batch_2/petaurus_breviceps_1632955218.jpg",8.63,"sugar glider","f1856211-cfb7-4a5b-9158-c0f72fd09ee6;;;;;;blank",0.988,"classifier","petaurus breviceps","2026-03-11T17:02:57.072525Z"
"",36162,"1","[{""x"":52.16,""y"":25.619999999999997,""width"":7.24,""height"":17.48,""rotation"":0,""rectanglelabels"":[""animal-0""],""original_width"":2500,""original_height"":3439}]","2026-03-11T17:03:13.625244Z","petaurus_breviceps_4028791666.jpg",168532,"16955603-25e0-4cb0-b0a7-e831af97e79b;mammalia;diprotodontia;petauridae;petaurus;breviceps;sugar glider","/data/local-files/?d=sourceStorage/Mammal/SN_batch_2/petaurus_breviceps_4028791666.jpg",2.796,"sugar glider","f1856211-cfb7-4a5b-9158-c0f72fd09ee6;;;;;;blank",0.9919,"classifier","petaurus breviceps","2026-03-11T17:03:13.625276Z"
"",36163,"1","[{""x"":21.400523560209425,""y"":13.089005235602095,""width"":29.057591623036654,""height"":68.06282722513089,""rotation"":0,""rectanglelabels"":[""animal-0""],""original_width"":2500,""original_height"":1875}]","2026-03-11T17:04:17.936360Z","phascogale_tapoatafa_4438941725.jpg",168741,"a64ffa12-38e7-49e8-97a3-a22295ebf40b;mammalia;dasyuromorphia;dasyuridae;phascogale;tapoatafa;brush-tailed phascogale","/data/local-files/?d=sourceStorage/Mammal/SN_batch_2/phascogale_tapoatafa_4438941725.jpg",8.029,"brush-tailed phascogale","f1856211-cfb7-4a5b-9158-c0f72fd09ee6;;;;;;blank",0.6089,"classifier","phascogale tapoatafa","2026-03-11T17:04:17.936391Z"
"",36164,"1","[{""x"":0,""y"":13.612565445026185,""width"":81.94240837696331,""height"":55.75916230366491,""rotation"":0,""rectanglelabels"":[""animal-0""],""original_width"":2500,""original_height"":3330}]","2026-03-11T17:05:09.187037Z","phascolarctos_cinereus_5008874313.jpg",168754,"51be2961-ffb2-4ccc-9289-47f66f187112;mammalia;diprotodontia;phascolarctidae;phascolarctos;cinereus;koala","/data/local-files/?d=sourceStorage/Mammal/SN_batch_2/phascolarctos_cinereus_5008874313.jpg",9.1,"koala","f1856211-cfb7-4a5b-9158-c0f72fd09ee6;;;;;;blank",0.9994,"classifier","phascolarctos cinereus","2026-03-11T17:05:09.187062Z"
"",36165,"1","[{""x"":16.737172774869112,""y"":16.230366492146597,""width"":83.26282722513089,""height"":67.80104712041884,""rotation"":0,""rectanglelabels"":[""animal-0""],""original_width"":2500,""original_height"":3330}]","2026-03-11T17:05:19.316993Z","phascolarctos_cinereus_5008874318.jpg",168755,"51be2961-ffb2-4ccc-9289-47f66f187112;mammalia;diprotodontia;phascolarctidae;phascolarctos;cinereus;koala","/data/local-files/?d=sourceStorage/Mammal/SN_batch_2/phascolarctos_cinereus_5008874318.jpg",4.986,"koala","f1856211-cfb7-4a5b-9158-c0f72fd09ee6;;;;;;blank",0.9969,"classifier","phascolarctos cinereus","2026-03-11T17:05:19.317024Z"
"",36166,"1","[{""x"":13.598966828074218,""y"":11.51831801959548,""width"":52.652342072449365,""height"":30.628278839043237,""rotation"":0,""rectanglelabels"":[""animal-0""],""original_width"":2500,""original_height"":3330}]","2026-03-11T17:05:33.943352Z","phascolarctos_cinereus_5008874321.jpg",168756,"51be2961-ffb2-4ccc-9289-47f66f187112;mammalia;diprotodontia;phascolarctidae;phascolarctos;cinereus;koala","/data/local-files/?d=sourceStorage/Mammal/SN_batch_2/phascolarctos_cinereus_5008874321.jpg",10.697,"koala","f1856211-cfb7-4a5b-9158-c0f72fd09ee6;;;;;;blank",0.6935,"classifier","phascolarctos cinereus","2026-03-11T17:05:33.943388Z"
"",36167,"1","[{""x"":48.88,""y"":32.71,""width"":22.96,""height"":48.59,""rotation"":0,""rectanglelabels"":[""animal-0""],""original_width"":2500,""original_height"":1669}]","2026-03-11T17:05:49.411234Z","phascolarctos_cinereus_5051246314.jpg",168759,"51be2961-ffb2-4ccc-9289-47f66f187112;mammalia;diprotodontia;phascolarctidae;phascolarctos;cinereus;koala","/data/local-files/?d=sourceStorage/Mammal/SN_batch_2/phascolarctos_cinereus_5051246314.jpg",4.121,"koala","f1856211-cfb7-4a5b-9158-c0f72fd09ee6;;;;;;blank",0.9971,"classifier","phascolarctos cinereus","2026-03-11T17:05:49.411260Z"
"",36168,"1","[{""x"":42.8890052356021,""y"":47.38219895287958,""width"":20.57277486910995,""height"":15.706806282722518,""rotation"":0,""rectanglelabels"":[""animal-0""],""original_width"":2500,""original_height"":3330}]","2026-03-11T17:06:45.881559Z","phascolarctos_cinereus_5053810326.jpg",168763,"51be2961-ffb2-4ccc-9289-47f66f187112;mammalia;diprotodontia;phascolarctidae;phascolarctos;cinereus;koala","/data/local-files/?d=sourceStorage/Mammal/SN_batch_2/phascolarctos_cinereus_5053810326.jpg",6.606,"koala","f1856211-cfb7-4a5b-9158-c0f72fd09ee6;;;;;;blank",0.8406,"classifier","phascolarctos cinereus","2026-03-11T17:06:45.881586Z"
"",36169,"1","[{""x"":39.05340488492289,""y"":36.91098027138231,""width"":21.27015532450115,""height"":15.968600880450131,""rotation"":0,""rectanglelabels"":[""animal-0""],""original_width"":2500,""original_height"":3330}]","2026-03-11T17:06:55.287610Z","phascolarctos_cinereus_5053810335.jpg",168764,"51be2961-ffb2-4ccc-9289-47f66f187112;mammalia;diprotodontia;phascolarctidae;phascolarctos;cinereus;koala","/data/local-files/?d=sourceStorage/Mammal/SN_batch_2/phascolarctos_cinereus_5053810335.jpg",7.242,"koala","f1856211-cfb7-4a5b-9158-c0f72fd09ee6;;;;;;blank",0.997,"classifier","phascolarctos cinereus","2026-03-11T17:06:55.287642Z"
"",36170,"1","[{""x"":0,""y"":21.989520890530283,""width"":54.744502617801075,""height"":40.68103402449343,""rotation"":0,""rectanglelabels"":[""animal-0""],""original_width"":2500,""original_height"":3330}]","2026-03-11T17:07:21.453233Z","phascolarctos_cinereus_5053810360.jpg",168771,"51be2961-ffb2-4ccc-9289-47f66f187112;mammalia;diprotodontia;phascolarctidae;phascolarctos;cinereus;koala","/data/local-files/?d=sourceStorage/Mammal/SN_batch_2/phascolarctos_cinereus_5053810360.jpg",7.821,"koala","f1856211-cfb7-4a5b-9158-c0f72fd09ee6;;;;;;blank",0.9979,"classifier","phascolarctos cinereus","2026-03-11T17:07:21.453261Z"
"",36171,"1","[{""x"":21.618865603155605,""y"":15.706798377441277,""width"":61.020924972760625,""height"":73.82199743407708,""rotation"":0,""rectanglelabels"":[""animal-0""],""original_width"":2500,""original_height"":3330}]","2026-03-11T17:07:34.559347Z","phascolarctos_cinereus_5053810369.jpg",168772,"51be2961-ffb2-4ccc-9289-47f66f187112;mammalia;diprotodontia;phascolarctidae;phascolarctos;cinereus;koala","/data/local-files/?d=sourceStorage/Mammal/SN_batch_2/phascolarctos_cinereus_5053810369.jpg",8.958,"koala","f1856211-cfb7-4a5b-9158-c0f72fd09ee6;;;;;;blank",0.9348,"classifier","phascolarctos cinereus","2026-03-11T17:07:34.559371Z"
"",36172,"1","[{""x"":5.927705102058643,""y"":14.659685863874339,""width"":94.0722948979413,""height"":47.90575916230366,""rotation"":0,""rectanglelabels"":[""animal-0""],""original_width"":2500,""original_height"":3330}]","2026-03-11T17:07:59.811960Z","phascolarctos_cinereus_5067748322.jpg",168777,"51be2961-ffb2-4ccc-9289-47f66f187112;mammalia;diprotodontia;phascolarctidae;phascolarctos;cinereus;koala","/data/local-files/?d=sourceStorage/Mammal/SN_batch_2/phascolarctos_cinereus_5067748322.jpg",9.242,"koala","f1856211-cfb7-4a5b-9158-c0f72fd09ee6;;;;;;blank",0.6728,"classifier","phascolarctos cinereus","2026-03-11T17:07:59.811990Z"
"",36173,"1","[{""x"":45.021675392670154,""y"":34.29319371727749,""width"":21.638324607329857,""height"":10.209424083769633,""rotation"":0,""rectanglelabels"":[""animal-0""],""original_width"":2500,""original_height"":3333}]","2026-03-11T17:08:16.455767Z","phascolarctos_cinereus_5087398531.jpg",168778,"51be2961-ffb2-4ccc-9289-47f66f187112;mammalia;diprotodontia;phascolarctidae;phascolarctos;cinereus;koala","/data/local-files/?d=sourceStorage/Mammal/SN_batch_2/phascolarctos_cinereus_5087398531.jpg",8.973,"koala","f1856211-cfb7-4a5b-9158-c0f72fd09ee6;;;;;;blank",0.9662,"classifier","phascolarctos cinereus","2026-03-11T17:08:16.455791Z"
"",36174,"1","[{""x"":12.564188481675393,""y"":31.413612565445025,""width"":56.53884816753928,""height"":49.73821989528797,""rotation"":0,""rectanglelabels"":[""animal-0""],""original_width"":2500,""original_height"":3333}]","2026-03-11T17:08:24.393816Z","phascolarctos_cinereus_5087981859.jpg",168779,"51be2961-ffb2-4ccc-9289-47f66f187112;mammalia;diprotodontia;phascolarctidae;phascolarctos;cinereus;koala","/data/local-files/?d=sourceStorage/Mammal/SN_batch_2/phascolarctos_cinereus_5087981859.jpg",5.358,"koala","f1856211-cfb7-4a5b-9158-c0f72fd09ee6;;;;;;blank",0.9955,"classifier","phascolarctos cinereus","2026-03-11T17:08:24.393846Z"
"",36175,"1","[{""x"":41.8,""y"":23.01,""width"":33.68,""height"":25.77,""rotation"":0,""rectanglelabels"":[""animal-0""],""original_width"":2500,""original_height"":3333}]","2026-03-11T17:09:06.959752Z","phascolarctos_cinereus_6130265473.jpg",168783,"51be2961-ffb2-4ccc-9289-47f66f187112;mammalia;diprotodontia;phascolarctidae;phascolarctos;cinereus;koala","/data/local-files/?d=sourceStorage/Mammal/SN_batch_2/phascolarctos_cinereus_6130265473.jpg",1.898,"koala","f1856211-cfb7-4a5b-9158-c0f72fd09ee6;;;;;;blank",0.9936,"classifier","phascolarctos cinereus","2026-03-11T17:09:06.959773Z"
"",36176,"1","[{""x"":43.1937172774869,""y"":23.82202114992075,""width"":47.905759162303646,""height"":51.832429111859334,""rotation"":0,""rectanglelabels"":[""animal-0""],""original_width"":2500,""original_height"":1875}]","2026-03-11T17:10:25.540884Z","pongo_pygmaeus_4054925913.jpg",169048,"1c350969-e1b5-492d-a706-79b935e9d6a4;mammalia;primates;hominidae;pongo;pygmaeus;bornean orangutan","/data/local-files/?d=sourceStorage/Mammal/SN_batch_2/pongo_pygmaeus_4054925913.jpg",10.798,"bornean orangutan","f1856211-cfb7-4a5b-9158-c0f72fd09ee6;;;;;;blank",0.9958,"classifier","pongo pygmaeus","2026-03-11T17:10:25.540917Z"
"",36177,"1","[{""x"":38.041570680628276,""y"":42.14659685863874,""width"":20.242303664921458,""height"":18.58638743455498,""rotation"":0,""rectanglelabels"":[""animal-0""],""original_width"":2500,""original_height"":3333}]","2026-03-11T17:10:48.122122Z","pongo_pygmaeus_4987510235.jpg",169051,"1c350969-e1b5-492d-a706-79b935e9d6a4;mammalia;primates;hominidae;pongo;pygmaeus;bornean orangutan","/data/local-files/?d=sourceStorage/Mammal/SN_batch_2/pongo_pygmaeus_4987510235.jpg",9.411,"bornean orangutan","f1856211-cfb7-4a5b-9158-c0f72fd09ee6;;;;;;blank",0.9984,"classifier","pongo pygmaeus","2026-03-11T17:10:48.122149Z"
"",36178,"1","[{""x"":53.980000000000004,""y"":52.56000000000011,""width"":10.840012400754873,""height"":5.546675793225917,""rotation"":0,""rectanglelabels"":[""animal-0""],""original_width"":2500,""original_height"":1875}]","2026-03-11T17:12:22.947417Z","prionailurus_bengalensis_5063783878.jpg",169436,"6f5cfe6e-4d2f-4a39-b7eb-cffe6aef7de1;mammalia;carnivora;felidae;prionailurus;bengalensis;leopard cat","/data/local-files/?d=sourceStorage/Mammal/SN_batch_2/prionailurus_bengalensis_5063783878.jpg",10.223,"leopard cat","f1856211-cfb7-4a5b-9158-c0f72fd09ee6;;;;;;blank",0.9509,"classifier","prionailurus bengalensis","2026-03-11T17:12:22.947448Z"
"",36179,"1","[{""x"":45.62,""y"":41.23159303882197,""width"":1.5200000000000031,""height"":3.815261044176694,""rotation"":0,""rectanglelabels"":[""animal-0""],""original_width"":2500,""original_height"":1494}]","2026-03-11T17:12:51.779131Z","procavia_capensis_4076190329.jpg",169450,"ebe71a3a-68bb-48bd-b3d9-b6b311882cee;mammalia;hyracoidea;procaviidae;procavia;capensis;rock hyrax","/data/local-files/?d=sourceStorage/Mammal/SN_batch_2/procavia_capensis_4076190329.jpg",10.375,"rock hyrax","f1856211-cfb7-4a5b-9158-c0f72fd09ee6;;;;;;blank",0.9895,"classifier","procavia capensis","2026-03-11T17:12:51.779156Z"
"",36180,"1","[{""x"":37.96,""y"":49.17,""width"":7.48,""height"":4.5600000000000005,""rotation"":0,""rectanglelabels"":[""animal-0""],""original_width"":2500,""original_height"":3333}]","2026-03-11T17:13:04.936569Z","procavia_capensis_4936312698.jpg",169453,"ebe71a3a-68bb-48bd-b3d9-b6b311882cee;mammalia;hyracoidea;procaviidae;procavia;capensis;rock hyrax","/data/local-files/?d=sourceStorage/Mammal/SN_batch_2/procavia_capensis_4936312698.jpg",3.229,"rock hyrax","f1856211-cfb7-4a5b-9158-c0f72fd09ee6;;;;;;blank",0.9973,"classifier","procavia capensis","2026-03-11T17:13:04.936596Z"
"",36181,"1","[{""x"":47.17887305091225,""y"":47.45740986743716,""width"":6.878286621405802,""height"":7.607934399339525,""rotation"":0,""rectanglelabels"":[""animal-0""],""original_width"":2500,""original_height"":2500}]","2026-03-11T17:14:37.632728Z","pseudocheirus_peregrinus_4510331601.jpg",169726,"fb03e3e9-d1f1-4494-8c48-bdf14a7d09c0;mammalia;diprotodontia;pseudocheiridae;pseudocheirus;peregrinus;common ringtail possum","/data/local-files/?d=sourceStorage/Mammal/SN_batch_2/pseudocheirus_peregrinus_4510331601.jpg",17.339,"common ringtail possum","f1856211-cfb7-4a5b-9158-c0f72fd09ee6;;;;;;blank",0.9977,"classifier","pseudocheirus peregrinus","2026-03-11T17:14:37.632752Z"
"",36182,"1","[{""x"":15.919999999999993,""y"":30.45947546809767,""width"":69.22198603853101,""height"":63.840524531902375,""rotation"":0,""rectanglelabels"":[""animal-0""],""original_width"":2500,""original_height"":3333}]","2026-03-11T17:15:00.638424Z","pseudocheirus_peregrinus_5291796651.jpg",169731,"fb03e3e9-d1f1-4494-8c48-bdf14a7d09c0;mammalia;diprotodontia;pseudocheiridae;pseudocheirus;peregrinus;common ringtail possum","/data/local-files/?d=sourceStorage/Mammal/SN_batch_2/pseudocheirus_peregrinus_5291796651.jpg",7.658,"common ringtail possum","f1856211-cfb7-4a5b-9158-c0f72fd09ee6;;;;;;blank",0.9935,"classifier","pseudocheirus peregrinus","2026-03-11T17:15:00.638456Z"
"",36183,"1","[{""x"":31.099999999999987,""y"":66.22436670687574,""width"":5.640000000000001,""height"":3.0759951749095364,""rotation"":0,""rectanglelabels"":[""animal-0""],""original_width"":2500,""original_height"":1658},{""x"":50.459999999999994,""y"":64.05307599517491,""width"":6.200000000000003,""height"":4.885404101326898,""rotation"":0,""rectanglelabels"":[""animal-0""],""original_width"":2500,""original_height"":1658}]","2026-03-11T17:15:41.015486Z","pteronura_brasiliensis_2429530119.jpg",169789,"07709a39-6d4b-4973-bc8e-3543ce208611;mammalia;carnivora;mustelidae;pteronura;brasiliensis;giant otter","/data/local-files/?d=sourceStorage/Mammal/SN_batch_2/pteronura_brasiliensis_2429530119.jpg",16.708,"giant otter","f1856211-cfb7-4a5b-9158-c0f72fd09ee6;;;;;;blank",0.8304,"classifier","pteronura brasiliensis","2026-03-11T17:15:41.015514Z"
"",36184,"1","[{""x"":38.86,""y"":54.64,""width"":2.6400000000000006,""height"":2.6666666666666714,""rotation"":0,""rectanglelabels"":[""animal-0""],""original_width"":2500,""original_height"":1875},{""x"":49.9,""y"":52.66666666666667,""width"":2.6000000000000014,""height"":1.9200000000000017,""rotation"":0,""rectanglelabels"":[""animal-0""],""original_width"":2500,""original_height"":1875},{""x"":52.5,""y"":52.50666666666667,""width"":1.480000000000004,""height"":1.546666666666674,""rotation"":0,""rectanglelabels"":[""animal-0""],""original_width"":2500,""original_height"":1875}]","2026-03-11T17:17:03.174499Z","rhinocerotidae_2429238617.jpg",170021,"da1c91cc-61eb-4afb-962c-590995ca9beb;mammalia;perissodactyla;rhinocerotidae;;;rhinoceros family","/data/local-files/?d=sourceStorage/Mammal/SN_batch_2/rhinocerotidae_2429238617.jpg",19.135,"rhinoceros family","f1856211-cfb7-4a5b-9158-c0f72fd09ee6;;;;;;blank",0.9973,"classifier","rhinocerotidae","2026-03-11T17:17:03.174522Z"
"",36186,"1","[{""x"":48.11694297396734,""y"":46.65723950274241,""width"":7.030079563855083,""height"":20.527374321187448,""rotation"":0,""rectanglelabels"":[""animal-0""],""original_width"":2500,""original_height"":3333}]","2026-03-12T09:48:08.140516Z","sciurus_carolinensis_6130646558.jpg",170710,"86f5b978-4f30-40cc-bd08-be9e3fba27a0;mammalia;rodentia;sciuridae;sciurus;carolinensis;eastern gray squirrel","/data/local-files/?d=sourceStorage/Mammal/SN_batch_2/sciurus_carolinensis_6130646558.jpg",25.325,"eastern gray squirrel","f1856211-cfb7-4a5b-9158-c0f72fd09ee6;;;;;;blank",0.8721,"classifier","sciurus carolinensis","2026-03-12T09:48:08.140544Z"
"",36187,"1","[{""x"":43.497766749379636,""y"":29.52854494335906,""width"":28.998511166253106,""height"":8.18857664473025,""rotation"":0,""rectanglelabels"":[""animal-0""],""original_width"":2500,""original_height"":3320}]","2026-03-12T09:48:22.320407Z","sciurus_carolinensis_6130669950.jpg",170711,"86f5b978-4f30-40cc-bd08-be9e3fba27a0;mammalia;rodentia;sciuridae;sciurus;carolinensis;eastern gray squirrel","/data/local-files/?d=sourceStorage/Mammal/SN_batch_2/sciurus_carolinensis_6130669950.jpg",12.155,"eastern gray squirrel","f1856211-cfb7-4a5b-9158-c0f72fd09ee6;;;;;;blank",0.7323,"classifier","sciurus carolinensis","2026-03-12T09:48:22.320433Z"
"",36188,"1","[{""x"":20.119999999999997,""y"":31.677181913774977,""width"":16.800000000000004,""height"":8.254468980021027,""rotation"":0,""rectanglelabels"":[""animal-0""],""original_width"":2500,""original_height"":1902}]","2026-03-12T09:48:48.539263Z","sciurus_griseus_5036908036.jpg",170713,"16ec4010-f175-4de7-8a99-85aadec3963b;mammalia;rodentia;sciuridae;sciurus;griseus;western gray squirrel","/data/local-files/?d=sourceStorage/Mammal/SN_batch_2/sciurus_griseus_5036908036.jpg",20.006,"western gray squirrel","f1856211-cfb7-4a5b-9158-c0f72fd09ee6;;;;;;blank",0.9946,"classifier","sciurus griseus","2026-03-12T09:48:48.539291Z"
"",36189,"1","[{""x"":15.826898263027298,""y"":23.32506203473946,""width"":16.36645161290322,""height"":8.436715602546617,""rotation"":0,""rectanglelabels"":[""animal-0""],""original_width"":2500,""original_height"":1812}]","2026-03-12T09:49:03.657761Z","sciurus_griseus_5036961218.jpg",170714,"16ec4010-f175-4de7-8a99-85aadec3963b;mammalia;rodentia;sciuridae;sciurus;griseus;western gray squirrel","/data/local-files/?d=sourceStorage/Mammal/SN_batch_2/sciurus_griseus_5036961218.jpg",13.01,"western gray squirrel","f1856211-cfb7-4a5b-9158-c0f72fd09ee6;;;;;;blank",0.9909,"classifier","sciurus griseus","2026-03-12T09:49:03.657785Z"
"",36190,"1","[{""x"":32.8,""y"":19.902650081124936,""width"":11.399999999999999,""height"":16.279069767441857,""rotation"":0,""rectanglelabels"":[""animal-0""],""original_width"":2500,""original_height"":1849}]","2026-03-12T09:49:20.013611Z","sciurus_griseus_5037132407.jpg",170715,"16ec4010-f175-4de7-8a99-85aadec3963b;mammalia;rodentia;sciuridae;sciurus;griseus;western gray squirrel","/data/local-files/?d=sourceStorage/Mammal/SN_batch_2/sciurus_griseus_5037132407.jpg",14.184,"western gray squirrel","f1856211-cfb7-4a5b-9158-c0f72fd09ee6;;;;;;blank",0.9815,"classifier","sciurus griseus","2026-03-12T09:49:20.013663Z"
"",36191,"1","[{""x"":45.27796610169481,""y"":26.69793680878982,""width"":7.948022598870154,""height"":5.222967146012379,""rotation"":0,""rectanglelabels"":[""animal-0""],""original_width"":2500,""original_height"":1406}]","2026-03-12T09:49:41.962844Z","sciurus_griseus_5037187383.jpg",170716,"16ec4010-f175-4de7-8a99-85aadec3963b;mammalia;rodentia;sciuridae;sciurus;griseus;western gray squirrel","/data/local-files/?d=sourceStorage/Mammal/SN_batch_2/sciurus_griseus_5037187383.jpg",19.811,"western gray squirrel","f1856211-cfb7-4a5b-9158-c0f72fd09ee6;;;;;;blank",0.9879,"classifier","sciurus griseus","2026-03-12T09:49:41.962872Z"
"",36192,"1","[{""x"":23.88,""y"":30.301532377656947,""width"":14.000000000000004,""height"":6.524962926347008,""rotation"":0,""rectanglelabels"":[""animal-0""],""original_width"":2500,""original_height"":2023}]","2026-03-12T09:50:16.801064Z","sciurus_griseus_5063380185.jpg",170726,"16ec4010-f175-4de7-8a99-85aadec3963b;mammalia;rodentia;sciuridae;sciurus;griseus;western gray squirrel","/data/local-files/?d=sourceStorage/Mammal/SN_batch_2/sciurus_griseus_5063380185.jpg",83.176,"western gray squirrel","f1856211-cfb7-4a5b-9158-c0f72fd09ee6;;;;;;blank",0.9938,"classifier","sciurus griseus","2026-03-12T09:51:29.218884Z"
"",36185,"1","[{""x"":25.705759162303664,""y"":27.225130890052355,""width"":16.26282722513089,""height"":8.900523560209422,""rotation"":0,""rectanglelabels"":[""animal-0""],""original_width"":2500,""original_height"":1670}]","2026-03-11T17:20:41.256486Z","sciurus_griseus_5938633529.jpg",170742,"16ec4010-f175-4de7-8a99-85aadec3963b;mammalia;rodentia;sciuridae;sciurus;griseus;western gray squirrel","/data/local-files/?d=sourceStorage/Mammal/SN_batch_2/sciurus_griseus_5938633529.jpg",8.581,"western gray squirrel","f1856211-cfb7-4a5b-9158-c0f72fd09ee6;;;;;;blank",0.9766,"classifier","sciurus griseus","2026-03-11T17:20:41.256532Z"
"",36193,"1","[{""x"":30.81310173697269,""y"":19.6029687042836,""width"":42.77935483870965,""height"":60.2977757125898,""rotation"":0,""rectanglelabels"":[""animal-0""],""original_width"":2500,""original_height"":3014}]","2026-03-12T09:54:15.695888Z","spilogale_putorius_4921813729.jpg",171213,"41930eb4-2283-445a-8758-1f0b2ff43cf9;mammalia;carnivora;mephitidae;spilogale;putorius;eastern spotted skunk","/data/local-files/?d=sourceStorage/Mammal/SN_batch_2/spilogale_putorius_4921813729.jpg",10.373,"eastern spotted skunk","f1856211-cfb7-4a5b-9158-c0f72fd09ee6;;;;;;blank",0.8496,"classifier","spilogale putorius","2026-03-12T09:54:15.695913Z"
"",36194,"1","[{""x"":49.76000000000001,""y"":42.394239423942395,""width"":17.999999999999993,""height"":8.790879087908799,""rotation"":0,""rectanglelabels"":[""animal-0""],""original_width"":2500,""original_height"":3333}]","2026-03-12T09:54:31.377416Z","spilogale_putorius_4946196845.jpg",171214,"41930eb4-2283-445a-8758-1f0b2ff43cf9;mammalia;carnivora;mephitidae;spilogale;putorius;eastern spotted skunk","/data/local-files/?d=sourceStorage/Mammal/SN_batch_2/spilogale_putorius_4946196845.jpg",12.186,"eastern spotted skunk","f1856211-cfb7-4a5b-9158-c0f72fd09ee6;;;;;;blank",0.7636,"classifier","spilogale putorius","2026-03-12T09:54:31.377443Z"
"",36109,"1","[{""x"":35.217801047120425,""y"":21.98952879581152,""width"":30.684816753926704,""height"":15.445026178010469,""rotation"":0,""rectanglelabels"":[""animal-0""],""original_width"":2500,""original_height"":3330}]","2026-03-11T16:15:43.011419Z","tachyglossus_aculeatus_5008869302.jpg",171352,"1b30ddf8-22fb-40ff-9df6-6a8a0b6ccaa1;mammalia;monotremata;tachyglossidae;tachyglossus;aculeatus;short-beaked echidna","/data/local-files/?d=sourceStorage/Mammal/SN_batch_3/tachyglossus_aculeatus_5008869302.jpg",6.167,"short-beaked echidna","f1856211-cfb7-4a5b-9158-c0f72fd09ee6;;;;;;blank",0.9985,"classifier","tachyglossus aculeatus","2026-03-11T16:15:43.011451Z"
"",36110,"1","[{""x"":38.69299818304447,""y"":60.99495412465543,""width"":17.8301015086598,""height"":11.51830747922049,""rotation"":0,""rectanglelabels"":[""animal-0""],""original_width"":2500,""original_height"":3316}]","2026-03-11T16:15:54.287925Z","tachyglossus_aculeatus_5051250892.jpg",171353,"1b30ddf8-22fb-40ff-9df6-6a8a0b6ccaa1;mammalia;monotremata;tachyglossidae;tachyglossus;aculeatus;short-beaked echidna","/data/local-files/?d=sourceStorage/Mammal/SN_batch_3/tachyglossus_aculeatus_5051250892.jpg",17.136,"short-beaked echidna","f1856211-cfb7-4a5b-9158-c0f72fd09ee6;;;;;;blank",0.9403,"classifier","tachyglossus aculeatus","2026-03-11T16:15:54.287951Z"
"",36111,"1","[{""x"":15.005368441436925,""y"":0,""width"":55.47253731772537,""height"":73.03664921465969,""rotation"":0,""rectanglelabels"":[""animal-0""],""original_width"":2500,""original_height"":1666}]","2026-03-11T16:16:04.023324Z","tachyglossus_aculeatus_5063181504.jpg",171354,"1b30ddf8-22fb-40ff-9df6-6a8a0b6ccaa1;mammalia;monotremata;tachyglossidae;tachyglossus;aculeatus;short-beaked echidna","/data/local-files/?d=sourceStorage/Mammal/SN_batch_3/tachyglossus_aculeatus_5063181504.jpg",6.911,"short-beaked echidna","f1856211-cfb7-4a5b-9158-c0f72fd09ee6;;;;;;blank",0.9886,"classifier","tachyglossus aculeatus","2026-03-11T16:16:04.023348Z"
"",36112,"1","[{""x"":15.35619546384396,""y"":19.8952879581152,""width"":84.64380453615603,""height"":75.13089005235602,""rotation"":0,""rectanglelabels"":[""animal-0""],""original_width"":2500,""original_height"":3333}]","2026-03-11T16:16:16.062574Z","tachyglossus_aculeatus_5063245017.jpg",171355,"1b30ddf8-22fb-40ff-9df6-6a8a0b6ccaa1;mammalia;monotremata;tachyglossidae;tachyglossus;aculeatus;short-beaked echidna","/data/local-files/?d=sourceStorage/Mammal/SN_batch_3/tachyglossus_aculeatus_5063245017.jpg",9.508,"short-beaked echidna","f1856211-cfb7-4a5b-9158-c0f72fd09ee6;;;;;;blank",0.743,"classifier","tachyglossus aculeatus","2026-03-11T16:16:16.062608Z"
"",36113,"1","[{""x"":0,""y"":0,""width"":88.09549738219894,""height"":99.99999999999999,""rotation"":0,""rectanglelabels"":[""animal-0""],""original_width"":2500,""original_height"":1952}]","2026-03-11T16:16:30.367949Z","tachyglossus_aculeatus_5063676388.jpg",171356,"1b30ddf8-22fb-40ff-9df6-6a8a0b6ccaa1;mammalia;monotremata;tachyglossidae;tachyglossus;aculeatus;short-beaked echidna","/data/local-files/?d=sourceStorage/Mammal/SN_batch_3/tachyglossus_aculeatus_5063676388.jpg",11.32,"short-beaked echidna","f1856211-cfb7-4a5b-9158-c0f72fd09ee6;;;;;;blank",0.9998,"classifier","tachyglossus aculeatus","2026-03-11T16:16:30.367977Z"
"",36114,"1","[{""x"":22.35643979057592,""y"":18.062827225130892,""width"":75.45298429319372,""height"":59.424083769633526,""rotation"":0,""rectanglelabels"":[""animal-0""],""original_width"":2500,""original_height"":4448}]","2026-03-11T16:16:38.585961Z","tachyglossus_aculeatus_5076849185.jpg",171357,"1b30ddf8-22fb-40ff-9df6-6a8a0b6ccaa1;mammalia;monotremata;tachyglossidae;tachyglossus;aculeatus;short-beaked echidna","/data/local-files/?d=sourceStorage/Mammal/SN_batch_3/tachyglossus_aculeatus_5076849185.jpg",5.592,"short-beaked echidna","f1856211-cfb7-4a5b-9158-c0f72fd09ee6;;;;;;blank",0.8088,"classifier","tachyglossus aculeatus","2026-03-11T16:16:38.585996Z"
"",36115,"1","[{""x"":35.60919807595385,""y"":24.607320620103806,""width"":20.772034029364747,""height"":35.34029964311009,""rotation"":0,""rectanglelabels"":[""animal-0""],""original_width"":2500,""original_height"":1667}]","2026-03-11T16:16:58.671558Z","tachyglossus_aculeatus_5087853382.jpg",171358,"1b30ddf8-22fb-40ff-9df6-6a8a0b6ccaa1;mammalia;monotremata;tachyglossidae;tachyglossus;aculeatus;short-beaked echidna","/data/local-files/?d=sourceStorage/Mammal/SN_batch_3/tachyglossus_aculeatus_5087853382.jpg",17.379,"short-beaked echidna","f1856211-cfb7-4a5b-9158-c0f72fd09ee6;;;;;;blank",0.591,"classifier","tachyglossus aculeatus","2026-03-11T16:16:58.671589Z"
"",36116,"1","[{""x"":30.104712041884817,""y"":43.455497382198956,""width"":44.502617801047116,""height"":43.71727748691099,""rotation"":0,""rectanglelabels"":[""animal-0""],""original_width"":2500,""original_height"":2500}]","2026-03-11T16:17:08.694893Z","tachyglossus_aculeatus_5133991432.jpg",171359,"1b30ddf8-22fb-40ff-9df6-6a8a0b6ccaa1;mammalia;monotremata;tachyglossidae;tachyglossus;aculeatus;short-beaked echidna","/data/local-files/?d=sourceStorage/Mammal/SN_batch_3/tachyglossus_aculeatus_5133991432.jpg",4.866,"short-beaked echidna","f1856211-cfb7-4a5b-9158-c0f72fd09ee6;;;;;;blank",0.9996,"classifier","tachyglossus aculeatus","2026-03-11T16:17:08.694923Z"
"",36117,"1","[{""x"":30.628272251308864,""y"":63.612565445026156,""width"":16.09947643979057,""height"":17.015714711563973,""rotation"":0,""rectanglelabels"":[""animal-0""],""original_width"":2500,""original_height"":1875}]","2026-03-11T16:17:22.688462Z","tachyglossus_aculeatus_5176707443.jpg",171361,"1b30ddf8-22fb-40ff-9df6-6a8a0b6ccaa1;mammalia;monotremata;tachyglossidae;tachyglossus;aculeatus;short-beaked echidna","/data/local-files/?d=sourceStorage/Mammal/SN_batch_3/tachyglossus_aculeatus_5176707443.jpg",8.343,"short-beaked echidna","f1856211-cfb7-4a5b-9158-c0f72fd09ee6;;;;;;blank",0.9245,"classifier","tachyglossus aculeatus","2026-03-11T16:17:22.688489Z"
"",36118,"1","[{""x"":33.843392655951945,""y"":34.81674733896713,""width"":26.690805438828306,""height"":45.287958115183145,""rotation"":0,""rectanglelabels"":[""animal-0""],""original_width"":2500,""original_height"":1666}]","2026-03-11T16:17:47.830286Z","tachyglossus_aculeatus_5230403028.jpg",171363,"1b30ddf8-22fb-40ff-9df6-6a8a0b6ccaa1;mammalia;monotremata;tachyglossidae;tachyglossus;aculeatus;short-beaked echidna","/data/local-files/?d=sourceStorage/Mammal/SN_batch_3/tachyglossus_aculeatus_5230403028.jpg",14.359,"short-beaked echidna","f1856211-cfb7-4a5b-9158-c0f72fd09ee6;;;;;;blank",0.9968,"classifier","tachyglossus aculeatus","2026-03-11T16:17:47.830311Z"
"",36108,"1","[{""x"":45.28073458439059,""y"":48.34220378458747,""width"":12.17277486910995,""height"":8.115183246073308,""rotation"":0,""rectanglelabels"":[""animal-0""],""original_width"":2500,""original_height"":1875}]","2026-03-11T16:12:38.288918Z","tachyglossus_aculeatus_5291913945.jpg",171365,"1b30ddf8-22fb-40ff-9df6-6a8a0b6ccaa1;mammalia;monotremata;tachyglossidae;tachyglossus;aculeatus;short-beaked echidna","/data/local-files/?d=sourceStorage/Mammal/SN_batch_3/tachyglossus_aculeatus_5291913945.jpg",12.304,"short-beaked echidna","f1856211-cfb7-4a5b-9158-c0f72fd09ee6;;;;;;blank",0.9996,"classifier","tachyglossus aculeatus","2026-03-11T16:12:38.288943Z"
"",36107,"1","[{""x"":44.568063808960275,""y"":65.18325002593903,""width"":10.994764397905755,""height"":13.612565445026178,""rotation"":0,""rectanglelabels"":[""animal-0""],""original_width"":2500,""original_height"":1875}]","2026-03-11T16:12:23.578888Z","tachyglossus_aculeatus_5759854072.jpg",171366,"1b30ddf8-22fb-40ff-9df6-6a8a0b6ccaa1;mammalia;monotremata;tachyglossidae;tachyglossus;aculeatus;short-beaked echidna","/data/local-files/?d=sourceStorage/Mammal/SN_batch_3/tachyglossus_aculeatus_5759854072.jpg",8.991,"short-beaked echidna","f1856211-cfb7-4a5b-9158-c0f72fd09ee6;;;;;;blank",0.999,"classifier","tachyglossus aculeatus","2026-03-11T16:12:23.578914Z"
"",36106,"1","[{""x"":25.47738219895288,""y"":53.66492146596858,""width"":39.43759162303665,""height"":26.178010471204196,""rotation"":0,""rectanglelabels"":[""animal-0""],""original_width"":2500,""original_height"":3333}]","2026-03-11T16:12:11.571548Z","tachyglossus_aculeatus_5827712008.jpg",171367,"1b30ddf8-22fb-40ff-9df6-6a8a0b6ccaa1;mammalia;monotremata;tachyglossidae;tachyglossus;aculeatus;short-beaked echidna","/data/local-files/?d=sourceStorage/Mammal/SN_batch_3/tachyglossus_aculeatus_5827712008.jpg",9.941,"short-beaked echidna","f1856211-cfb7-4a5b-9158-c0f72fd09ee6;;;;;;blank",0.9989,"classifier","tachyglossus aculeatus","2026-03-11T16:12:11.571575Z"
"[{""taxonomy"":[[""short-beaked echidna""]]}]",36105,"1","[{""x"":72.32837696335078,""y"":56.282722513089,""width"":11.399581151832464,""height"":12.041884816753935,""rotation"":0,""rectanglelabels"":[""animal-0""],""original_width"":2500,""original_height"":1877},{""x"":63.68041884816754,""y"":56.282722513089,""width"":11.399581151832457,""height"":12.041884816753935,""rotation"":0,""rectanglelabels"":[""animal-0""],""original_width"":2500,""original_height"":1877},{""x"":62.697694369513854,""y"":54.4502630976516,""width"":8.844502617801048,""height"":10.471204188481671,""rotation"":0,""rectanglelabels"":[""animal-0""],""original_width"":2500,""original_height"":1877}]","2026-03-11T16:11:58.178205Z","tachyglossus_aculeatus_5841523793.jpg",171368,"1b30ddf8-22fb-40ff-9df6-6a8a0b6ccaa1;mammalia;monotremata;tachyglossidae;tachyglossus;aculeatus;short-beaked echidna","/data/local-files/?d=sourceStorage/Mammal/SN_batch_3/tachyglossus_aculeatus_5841523793.jpg",56.558,"short-beaked echidna","f1856211-cfb7-4a5b-9158-c0f72fd09ee6;;;;;;blank",0.9977,"classifier","tachyglossus aculeatus","2026-03-11T16:11:58.178228Z"
"[{""taxonomy"":[[""short-beaked echidna""]]}]",36104,"1","[{""x"":27.486910994764386,""y"":8.63872764493491,""width"":72.5130890052356,""height"":59.947659789620054,""rotation"":0,""rectanglelabels"":[""animal-0""],""original_width"":2500,""original_height"":2500}]","2026-03-11T16:10:51.950304Z","tachyglossus_aculeatus_6130691115.jpg",171370,"1b30ddf8-22fb-40ff-9df6-6a8a0b6ccaa1;mammalia;monotremata;tachyglossidae;tachyglossus;aculeatus;short-beaked echidna","/data/local-files/?d=sourceStorage/Mammal/SN_batch_3/tachyglossus_aculeatus_6130691115.jpg",18.954,"short-beaked echidna","f1856211-cfb7-4a5b-9158-c0f72fd09ee6;;;;;;blank",0.6977,"classifier","tachyglossus aculeatus","2026-03-11T16:10:51.950329Z"
"[{""taxonomy"":[[""southern three-banded armadillo""]]}]",36103,"1","[{""x"":24.149214659685864,""y"":30.89005235602094,""width"":42.408376963350776,""height"":48.42931937172774,""rotation"":0,""rectanglelabels"":[""animal-0""],""original_width"":2500,""original_height"":1875}]","2026-03-11T16:07:27.811457Z","tolypeutes_matacus_4153883480.jpg",171952,"9cdbc72a-6207-4b1d-a632-6f29c3668e4c;mammalia;cingulata;chlamyphoridae;tolypeutes;matacus;southern three-banded armadillo","/data/local-files/?d=sourceStorage/Mammal/SN_batch_3/tolypeutes_matacus_4153883480.jpg",13.97,"southern three-banded armadillo","f1856211-cfb7-4a5b-9158-c0f72fd09ee6;;;;;;blank",0.5282,"classifier","tolypeutes matacus","2026-03-11T16:07:27.811484Z"
"[{""taxonomy"":[[""southern three-banded armadillo""]]}]",36102,"1","[{""x"":62.07643979057589,""y"":30.10471204188483,""width"":32.91036649214658,""height"":63.61256017483867,""rotation"":0,""rectanglelabels"":[""animal-0""],""original_width"":2500,""original_height"":1882},{""x"":24.436439790575918,""y"":39.26701570680628,""width"":36.65465968586388,""height"":40.31413612565445,""rotation"":0,""rectanglelabels"":[""animal-0""],""original_width"":2500,""original_height"":1882},{""x"":0,""y"":10.99474595224954,""width"":60.30282722513087,""height"":30.7334005858108,""rotation"":0,""rectanglelabels"":[""animal-0""],""original_width"":2500,""original_height"":1882}]","2026-03-11T16:07:09.416845Z","tolypeutes_matacus_4908996859.jpg",171953,"9cdbc72a-6207-4b1d-a632-6f29c3668e4c;mammalia;cingulata;chlamyphoridae;tolypeutes;matacus;southern three-banded armadillo","/data/local-files/?d=sourceStorage/Mammal/SN_batch_3/tolypeutes_matacus_4908996859.jpg",37.2,"southern three-banded armadillo","f1856211-cfb7-4a5b-9158-c0f72fd09ee6;;;;;;blank",0.6334,"classifier","tolypeutes matacus","2026-03-11T16:07:09.416870Z"
"",36101,"1","[{""x"":18.444369726033305,""y"":48.24574862192868,""width"":14.275630273966666,""height"":20.984251378071257,""rotation"":0,""rectanglelabels"":[""animal-0""],""original_width"":2500,""original_height"":2340},{""x"":61.68,""y"":43.120000000000005,""width"":18.52,""height"":22.78,""rotation"":0,""rectanglelabels"":[""animal-0""],""original_width"":2500,""original_height"":2340}]","2026-03-11T16:05:43.959870Z","tragelaphus_strepsiceros_4921937738.jpg",172157,"d2e4f2d3-7182-48d1-a866-535904fe7692;mammalia;cetartiodactyla;bovidae;tragelaphus;strepsiceros;greater kudu","/data/local-files/?d=sourceStorage/Mammal/SN_batch_3/tragelaphus_strepsiceros_4921937738.jpg",28.865,"greater kudu","f1856211-cfb7-4a5b-9158-c0f72fd09ee6;;;;;;blank",0.995,"classifier","tragelaphus strepsiceros","2026-03-11T16:05:43.959896Z"
"[{""taxonomy"":[[""swamp wallaby""]]}]",36100,"1","[{""x"":48.952545454545465,""y"":72.27272727272727,""width"":19.13454545454546,""height"":25.681818181818155,""rotation"":0,""rectanglelabels"":[""animal-0""],""original_width"":2500,""original_height"":1754}]","2026-03-11T15:57:38.565224Z","wallabia_bicolor_5220324334.jpg",173435,"3afdd398-39f2-430c-9301-74659d81044e;mammalia;diprotodontia;macropodidae;wallabia;bicolor;swamp wallaby","/data/local-files/?d=sourceStorage/Mammal/SN_batch_3/wallabia_bicolor_5220324334.jpg",29.44,"swamp wallaby","f1856211-cfb7-4a5b-9158-c0f72fd09ee6;;;;;;blank",0.8659,"classifier","wallabia bicolor","2026-03-11T15:57:38.565284Z"
